;abies;acer;alnusfru;alnusund;apiaceae;artemisia;asterund;betunana;betula;brassicaceae;carpinus;chenopodiaceae;corylus;cyperaceae;ephedra;ericaceae;fagus;fraxinus;juniperus;larix;olea;picea;pinushap;pinus;plantago;poaceae;quercusever;quercusdec;salix;tilia;ulmus
BP1;6.71140939597315;0.671140939597315;0;6.04026845637585;0.223713646532438;0;0;0;6.48769574944072;0;1.34228187919463;0;9.61968680089487;6.48769574944072;0;0;11.6331096196868;2.9082774049217;0.894854586129755;0;0;6.9351230425056;0;5.14541387024609;2.46085011185683;17.2259507829977;0;13.6465324384787;0.671140939597315;0.447427293064877;0.447427293064877
BP2;6.2962962962963;0.185185185185185;0;8.33333333333333;2.22222222222222;0;0;0;1.48148148148148;0;0.185185185185185;0;3.33333333333334;4.81481481481481;0;0;4.25925925925926;1.85185185185185;0.555555555555555;0;0;7.4074074074074;0;5.74074074074074;4.62962962962963;41.6666666666667;0;5.92592592592593;0.555555555555555;0.555555555555555;0
BP3;6.3526834611172;0.328587075575027;0;6.46221248630888;1.75246440306681;0.109529025191676;0;0;2.30010952902519;0;0.547645125958378;0.109529025191676;3.72398685651697;7.44797371303396;0;0.109529025191676;8.21467688937569;1.20481927710843;0.328587075575027;0;0;7.55750273822564;0;5.80503833515881;7.55750273822564;31.8729463307776;0;7.44797371303396;0.438116100766703;0.219058050383351;0.109529025191676
BP4;5.23690773067332;0.374064837905237;0;6.73316708229426;0.997506234413965;0.124688279301745;0;0;1.87032418952618;0;0.124688279301745;0.124688279301745;6.73316708229426;7.60598503740648;0;0.124688279301745;11.5960099750623;1.37157107231921;1.6209476309227;0;0;5.61097256857855;0;4.98753117206983;5.98503740648379;27.0573566084788;0;10.8478802992519;0.623441396508729;0.249376558603492;0
BP5;8.63787375415283;0;0;11.4617940199336;0.830564784053157;0.332225913621262;0;0;2.99003322259136;0;0.996677740863788;0;7.80730897009967;3.98671096345515;0;0.166112956810631;8.80398671096346;0.830564784053157;1.49501661129568;0;0;9.63455149501662;0;3.48837209302325;4.81727574750831;17.109634551495;0;15.2823920265781;0.830564784053157;0.498338870431893;0
BP6;7.53860127157131;0.635785649409628;0;12.3524069028156;0.454132606721163;0;0;0;4.08719346049046;0;0.36330608537693;0.0908265213442326;10.4450499545868;5.35876475930972;0;0;8.44686648501363;0.817438692098094;1.27157129881926;0;0;8.99182561307902;0;5.08628519527702;2.81562216167121;12.3524069028156;0;17.4386920980927;1.18074477747502;0.0908265213442326;0.181653042688465
BP7;5;0.116279069767441;0;15;0.58139534883721;0.116279069767441;0;0;8.13953488372092;0;0.58139534883721;0.116279069767441;13.953488372093;3.48837209302325;0;0.116279069767441;9.1860465116279;0.465116279069767;1.62790697674418;0;0;7.32558139534883;0;5.11627906976744;2.09302325581396;11.046511627907;0;15;0.930232558139535;0;0
BP8;4.99468650371945;0.212539851222104;0;17.3219978746015;0.212539851222104;0;0;0;8.07651434643996;0;0.318809776833156;0.106269925611052;14.8777895855473;5.95111583421891;0;0;8.60786397449521;0.318809776833156;2.8692879914984;0;0;5.84484590860786;0;3.29436769394261;2.76301806588735;10.201912858661;0;12.6461211477152;1.06269925611052;0.106269925611052;0.212539851222104
BP9;4.79041916167664;0.239520958083832;0;10.7784431137725;0;0;0;0;7.54491017964072;0;0.479041916167664;0;13.0538922155689;5.26946107784431;0;0.359281437125748;12.3353293413174;0.958083832335329;2.9940119760479;0;0;5.86826347305389;0;2.39520958083832;2.75449101796407;12.2155688622754;0;16.0479041916168;1.55688622754491;0.119760479041916;0.239520958083832
BP10;5.99144079885876;0.14265335235378;0;14.5506419400856;0.42796005706134;0.285306704707561;0;0;6.13409415121254;0;0.57061340941512;0.14265335235378;9.84308131241082;3.42368045649072;0;0.14265335235378;12.981455064194;0.285306704707561;1.99714693295292;0;0;3.70898716119828;0;1.56918687589158;2.28245363766048;14.6932952924394;0;18.5449358059914;1.85449358059914;0.285306704707561;0.14265335235378
BP11;6.21761658031088;0.38860103626943;0;14.8963730569948;0.38860103626943;0.906735751295337;0;0;3.8860103626943;0;0.38860103626943;0;13.4715025906736;4.79274611398964;0;0.129533678756477;12.6943005181347;1.16580310880829;4.14507772020726;0;0;6.21761658031088;0;1.6839378238342;2.33160621761658;10.1036269430052;0;14.5077720207253;1.42487046632125;0.129533678756477;0.129533678756477
BP12;7.45473908413206;0.212992545260916;0;13.4185303514376;0.638977635782748;0.425985090521832;0;0;3.19488817891374;0;0.425985090521832;0.212992545260916;16.6134185303515;5.75079872204473;0;0.212992545260916;12.779552715655;0.53248136315229;2.98189563365282;0;0;4.68583599574015;0;2.0234291799787;1.49094781682641;13.5250266240682;0;11.1821086261981;2.23642172523962;0;0
BP13;6.71378091872791;0;0;10.0117785630153;0.824499411071849;0.588928150765606;0;0;2.70906949352179;0;1.06007067137809;0.235571260306243;15.9010600706714;5.65371024734982;0;0.117785630153121;16.8433451118963;1.06007067137809;3.06242638398116;0;0;2.35571260306243;0;1.06007067137809;1.88457008244994;13.8987043580683;0;13.0742049469965;2.59128386336867;0.117785630153121;0.235571260306243
BP14;7.97687861271677;0;0;11.6763005780347;0.346820809248555;1.27167630057804;0;0;2.89017341040462;0;0.69364161849711;0.115606936416185;13.1791907514451;4.39306358381503;0;0;14.4508670520232;0.809248554913296;2.89017341040462;0;0;3.35260115606936;0;2.08092485549133;1.73410404624277;15.1445086705202;0;14.3352601156069;2.65895953757225;0;0
BP15;9.2534174553102;0;0;19.348054679285;0.210304942166141;0.420609884332281;0;0;4.52155625657202;0;0.946372239747634;0;10.7255520504732;2.20820189274448;0;0.420609884332281;21.0304942166141;1.57728706624605;0.841219768664564;0;0;5.15247108307045;0;0.736067297581494;0.841219768664564;10.8307045215563;0;9.56887486855941;1.15667718191377;0;0.210304942166141
BP16;23.8418079096045;0.112994350282486;0;18.1920903954802;0.225988700564972;0.903954802259887;0;0;0.790960451977401;0;0.56497175141243;0;5.76271186440678;1.69491525423729;0;0;23.9548022598871;2.03389830508475;0.338983050847458;0;0;9.03954802259887;0;1.35593220338983;0.903954802259887;6.4406779661017;0;2.93785310734463;0.451977401129944;0.112994350282486;0.338983050847458
BP17;18.5918591859186;0.11001100110011;0;19.031903190319;0;0.33003300330033;0;0;3.52035203520352;0;0.77007700770077;0;5.28052805280528;0.44004400440044;0;0;30.9130913091309;3.52035203520352;0.11001100110011;0;0;7.59075907590758;0;1.21012101210121;0.550055005500549;1.54015401540154;0;5.28052805280528;0.11001100110011;0.220022002200219;0.88008800880088
BP18;6.77618069815196;0.205338809034908;0;25.0513347022587;0;0.205338809034908;0;0;5.3388090349076;0;0.924024640657085;0.102669404517453;11.4989733059549;1.12936344969199;0;0.102669404517453;24.435318275154;4.82546201232033;0.308008213552361;0;0;4.0041067761807;0;1.23203285420945;0.513347022587269;2.46406570841889;0;8.62422997946612;0.513347022587269;0.924024640657085;0.82135523613963
BP19;7.95724465558195;0.1187648456057;0;24.3467933491687;0.1187648456057;0.1187648456057;0;0;7.83847980997625;0;0.237529691211402;0;9.73871733966746;1.187648456057;0;0.1187648456057;19.9524940617577;2.61282660332541;0.475059382422803;0;0;5.93824228028504;0;1.42517814726841;1.06888361045131;4.03800475059382;0;11.2826603325415;0.950118764845606;0.1187648456057;0.356294536817102
BP20;5.34351145038168;0.109051254089422;0;35.1145038167939;0.109051254089422;0.436205016357688;0;0;5.12540894220283;0;0.763358778625954;0.109051254089422;11.5594329334788;1.52671755725191;0;0.109051254089422;16.5757906215921;1.52671755725191;0.436205016357688;0;0;1.9629225736096;0;0.545256270447109;0.872410032715375;5.23446019629225;0;11.5594329334788;0.545256270447109;0.109051254089422;0.327153762268266
BP21;5.6910569105691;0;0;22.8803716608595;0.348432055749129;0.464576074332172;0;0;3.2520325203252;0;0;0.116144018583043;12.0789779326365;1.50987224157956;0;0;18.5830429732869;1.74216027874565;0.464576074332172;0;0;3.83275261324042;0;1.39372822299651;0.696864111498257;7.20092915214866;0;17.5377468060395;1.04529616724738;0.580720092915214;0.580720092915214
BP22;7.77891504605936;0.102354145342886;0;27.942681678608;0.102354145342886;0.307062436028659;0;0;7.4718526100307;0;0.204708290685773;0;13.7154554759467;1.12589559877175;0;0.102354145342886;19.1402251791198;2.86591606960082;0;0;0;2.9682702149437;0;1.12589559877175;1.12589559877175;4.60593654042989;0;7.77891504605936;1.02354145342886;0.204708290685773;0.307062436028659
BP23;15.6429156429156;0.081900081900082;0;28.992628992629;0.081900081900082;0;0;0;3.35790335790336;0;0;0;7.78050778050778;0.245700245700246;0;0;25.3890253890254;3.1941031941032;0.081900081900082;0;0;2.62080262080262;0;1.47420147420147;0.737100737100738;3.27600327600327;0;6.47010647010647;0;0.327600327600327;0.245700245700246
BP24;17.4041297935103;0.0983284169124877;0;22.9105211406096;0.0983284169124877;0.0983284169124877;0;0;3.34316617502458;0;0.294985250737464;0;9.6361848574238;0.589970501474926;0;0.0983284169124877;25.0737463126844;1.76991150442478;0.0983284169124877;0;0;5.50639134709932;0;1.27826941986234;0.491642084562439;3.83480825958702;0;5.89970501474926;0.294985250737464;0.491642084562439;0.688298918387414
BP25;15.1;0;0;30.2;0;0.4;0;0;3.4;0;0.1;0;8.7;0.9;0;0;23.6;2.4;0.2;0;0;3.2;0;2.5;0.4;2.3;0;4.3;0.5;1.1;0.7
BP26;23.712342079689;0.291545189504373;0;23.1292517006803;0;0.194363459669582;0;0;3.69290573372206;0;0.194363459669582;0;8.06608357628765;1.06899902818271;0;0;17.7842565597668;2.62390670553936;1.55490767735665;0;0;4.27599611273081;0;4.95626822157435;0;1.16618075801749;0;5.05344995140914;0.097181729834791;1.36054421768707;0.777453838678329
BP27;18.1215469613259;0.110497237569061;0;28.7292817679558;0.441988950276243;0.220994475138121;0;0;4.86187845303867;0;0.110497237569061;0;9.28176795580111;1.43646408839779;0;0;17.4585635359117;3.0939226519337;0.994475138121547;0;0;1.65745856353591;0;4.08839779005525;0.220994475138121;1.54696132596685;0;3.86740331491712;0.552486187845305;1.76795580110497;1.43646408839779
BP28;25.9725400457665;0.11441647597254;0;22.0823798627002;0.22883295194508;0.11441647597254;0;0;3.4324942791762;0;0;0;6.40732265446225;2.51716247139589;0;0;14.3020594965675;1.25858123569794;1.37299771167049;0;0;3.89016018306636;0;6.06407322654462;0.11441647597254;2.05949656750572;0;6.40732265446225;0;2.74599542334096;0.91533180778032
BP29;27.3825503355705;0.134228187919463;0;19.5973154362416;0;0.268456375838926;0;0;2.81879194630872;0;0;0;8.59060402684564;0.805369127516779;0;0;20.4026845637584;2.68456375838926;0.536912751677853;0;0;4.42953020134228;0;4.02684563758389;0;0.402684563758389;0;4.69798657718121;0.268456375838926;2.28187919463087;0.671140939597315
BP30;22.5892857142857;0.267857142857143;0;21.5178571428571;0.0892857142857142;0.357142857142857;0;0;4.73214285714285;0;0;0;7.5;1.96428571428571;0;0;16.1607142857143;3.125;0.892857142857143;0;0;4.19642857142857;0;5.80357142857143;0.0892857142857142;1.25;0;6.07142857142857;0.178571428571429;2.41071428571429;0.803571428571428
BP31;23.4455958549223;0.38860103626943;0;21.1139896373057;0;0.38860103626943;0;0;6.99481865284973;0;0;0;9.4559585492228;1.68393782383419;0;0;13.0829015544042;3.49740932642487;1.29533678756477;0;0;2.59067357512953;0;5.56994818652849;0;1.42487046632124;0;4.14507772020725;0.518134715025906;3.75647668393781;0.647668393782383
BP32;9.375;0;0;42.1875;0.9375;0;0;0;6.25;0;0.3125;0.3125;10.3125;2.1875;0;0;13.4375;0.9375;0;0;0;0.9375;0;2.5;0;1.25;0;4.375;0;3.4375;1.25
BP33;28.9805269186712;0.229095074455899;0;26.0022909507446;0.11454753722795;0.229095074455899;0;0;3.78006872852233;0;0;0;8.3619702176403;1.03092783505155;0;0;10.3092783505155;1.94730813287514;0.687285223367697;0;0;3.09278350515464;0;6.75830469644901;0;0.229095074455899;0;3.32187857961053;0.572737686139747;2.97823596792668;1.37457044673539
BP34;36.7248062015504;0.193798449612404;0;23.6434108527132;0.0968992248062016;0;0;0;3.19767441860465;0;0;0;6.2984496124031;1.45348837209302;0;0;11.8217054263566;1.93798449612404;0.67829457364341;0;0;1.84108527131783;0;4.16666666666667;0.0968992248062016;0.67829457364341;0;3.29457364341085;0.193798449612404;2.61627906976744;1.06589147286822
BP35;35.8;0.3;0;22.4;0;0.2;0;0;4.4;0;0;0;5.9;1.6;0;0;8.7;2.2;0.4;0;0;2;0;4.9;0;1.90000000000001;0;4.5;0.3;3.4;1.1
BP36;32.9268292682927;0.33259423503326;0;26.3858093126386;0.221729490022173;0;0;0;1.44124168514413;0;0.110864745011087;0;9.42350332594235;0.665188470066518;0;0;6.98447893569845;2.10643015521064;0.221729490022173;0;0;2.32815964523281;0;2.66075388026607;0;1.44124168514413;0;5.87583148558758;0.110864745011087;4.21286031042128;2.54988913525499
BP37;29.4471153846154;0.360576923076923;0;32.0913461538462;0.48076923076923;0.120192307692308;0;0;2.04326923076923;0;0;0;8.29326923076923;0.48076923076923;0;0;8.17307692307691;2.64423076923077;0.240384615384615;0;0;1.5625;0;1.68269230769231;0;1.08173076923077;0;4.20673076923077;0.721153846153845;4.08653846153846;2.28365384615385
BP38;40.1920438957476;0;0;19.0672153635117;0;0.411522633744856;0;0;1.09739368998628;0;0;0;5.89849108367627;0.411522633744856;0;0;8.77914951989027;2.19478737997257;0.274348422496571;0;0;0.960219478737998;0;3.97805212620028;0;0.960219478737998;0;4.25240054869685;0.137174211248285;8.64197530864198;2.74348422496571
BP39;40.5612244897959;0.127551020408163;0;18.6224489795919;0;0.38265306122449;0;0;0.76530612244898;0;0;0;6.12244897959184;1.27551020408163;0;0;9.56632653061224;2.93367346938776;0.38265306122449;0;0;1.53061224489796;0;4.20918367346939;0;1.02040816326531;0;3.44387755102041;0.127551020408163;6.12244897959184;2.8061224489796
BP40;45.3900709219858;0.118203309692671;0;17.0212765957447;0.118203309692671;0;0;0;2.00945626477541;0;0;0;7.32860520094563;0.945626477541371;0;0;5.67375886524823;2.4822695035461;0.236406619385343;0;0;2.00945626477541;0;4.25531914893617;0;0.709219858156028;0;3.78250591016549;0;5.31914893617021;2.60047281323877
BP41;36.4640883977901;0.276243093922652;0;16.7127071823204;0.138121546961326;0.138121546961326;0;0;1.38121546961326;0;0;0;9.25414364640883;2.07182320441989;0;0;5.38674033149171;3.86740331491713;0.138121546961326;0;0;0.414364640883978;0;5.52486187845304;0;0.828729281767956;0;4.8342541436464;0.138121546961326;9.53038674033148;2.90055248618785
BP42;40.0602409638554;0.451807228915663;0;11.2951807228916;0.150602409638554;0.301204819277109;0;0;2.40963855421686;0;0;0;7.37951807228915;1.80722891566265;0;0;5.2710843373494;4.81927710843374;0.301204819277109;0;0;0.150602409638554;0;6.47590361445783;0;1.35542168674699;0;4.96987951807229;0;9.03614457831325;3.76506024096385
BP43;42.5862068965517;0.172413793103448;0;3.62068965517242;0.172413793103448;0.517241379310345;0;0;2.06896551724138;0;0;0;9.13793103448276;2.24137931034483;0;0;2.06896551724138;3.44827586206896;0.344827586206896;0;0;0.344827586206896;0;10.3448275862069;0;2.75862068965517;0;6.20689655172414;0.344827586206896;8.79310344827586;4.82758620689655
BP44;5.25451559934319;0.492610837438423;0;5.09031198686371;0;0.492610837438423;0;0;1.80623973727422;0;0;0;12.3152709359606;1.14942528735633;0;0;0.164203612479474;7.7175697865353;0.164203612479474;0;0;0;0;16.7487684729064;0;3.28407224958949;0;15.7635467980295;0.164203612479474;20.3612479474548;9.0311986863711
BP45;3.57852882703778;1.19284294234592;0;8.34990059642146;0.397614314115308;0.198807157057654;0;0;2.38568588469184;0;0;0;13.3200795228629;2.5844930417495;0;0.198807157057654;0;6.56063618290258;0.596421471172962;0;0;0.397614314115308;0;18.4890656063618;0;2.78330019880715;0;10.7355864811133;0.99403578528827;26.0437375745527;1.19284294234592
BP46;2.04678362573099;0.438596491228071;0;4.97076023391813;0;0.146198830409357;0;0;1.60818713450292;0;0;0;16.0818713450292;1.60818713450292;0;0;0;2.77777777777777;0.146198830409357;0;0;0;0;27.3391812865497;0;2.92397660818713;0;7.4561403508772;0.146198830409357;24.561403508772;7.7485380116959
BP47;1.91972076788831;0.523560209424084;0;6.80628272251309;0;0.349040139616057;0;0;3.66492146596858;0;0;0;20.4188481675392;2.09424083769634;0;0;0;8.55148342059338;0;0;0;0;0;9.77312390924957;0;2.61780104712042;0;13.7870855148342;0.523560209424084;20.5933682373473;8.37696335078535
BP48;0.536672629695886;0.536672629695886;0;5.90339892665475;0;0.715563506261181;0;0;3.22003577817532;0;0;0;20.3935599284437;0.894454382826476;0;0;0;5.54561717352415;0.894454382826476;0;0;0;0;10.3756708407871;0;3.39892665474061;0;15.742397137746;0.178890876565295;20.5724508050089;11.0912343470483
BP49;0.245098039215686;0.490196078431373;0;3.55392156862745;0.245098039215686;0.122549019607843;0;0;2.69607843137254;0;0;0;49.0196078431373;1.34803921568628;0;0;0;5.88235294117647;0.245098039215686;0;0;0;0;7.1078431372549;0;2.32843137254901;0;11.6421568627451;0;6.00490196078432;9.06862745098039
BP50;0.341296928327646;0.341296928327646;0;4.43686006825939;0.341296928327646;0.341296928327646;0;0;5.46075085324232;0;0;0;32.4232081911262;1.53583617747441;0;0;0;5.80204778156997;0.170648464163823;0;0;0;0;8.87372013651877;0;4.60750853242321;0;12.1160409556314;0.170648464163823;15.5290102389079;7.5085324232082
BP51;0;0.487012987012987;0;8.11688311688313;0;0.162337662337663;0;0;4.70779220779221;0;0;0.162337662337663;30.1948051948052;1.62337662337663;0;0;0;5.51948051948052;0.162337662337663;0;0;0;0;8.44155844155844;0.162337662337663;2.75974025974026;0;11.3636363636364;0.64935064935065;13.6363636363636;11.8506493506494
BP52;0.156494522691705;0.625978090766823;0;5.79029733959311;0;0.625978090766823;0;0;5.00782472613458;0;0;0;31.1424100156494;2.03442879499218;0;0;0;3.91236306729264;0;0;0;0;0;6.57276995305164;0;5.16431924882629;0;11.737089201878;0.625978090766823;17.8403755868545;8.76369327073552
BP53;0;0.491803278688524;0;4.09836065573771;0;0.327868852459016;0;0;4.09836065573771;0;0;0;38.3606557377049;1.14754098360656;0;0;0;3.11475409836065;0.655737704918032;0;0;0;0;6.0655737704918;0;5.08196721311475;0;12.4590163934426;0;12.7868852459017;11.3114754098361
BP54;0;0.364298724954463;0;6.3752276867031;0.182149362477231;0.364298724954463;0;0;3.27868852459016;0;0;0;33.3333333333333;0.728597449908926;0;0;0;3.09653916211293;0.546448087431694;0;0;0;0;8.92531876138434;0;5.64663023679418;0;12.9326047358834;0.728597449908926;14.3897996357013;9.10746812386157
BP55;0;0.610687022900764;0;4.88549618320611;0.152671755725191;0;0;0;5.34351145038169;0;0;0;40.6106870229008;1.52671755725191;0;0;0;2.90076335877862;0.305343511450382;0;0;0;0;7.48091603053436;0;5.80152671755726;0;9.00763358778627;0.152671755725191;12.0610687022901;9.16030534351145
BP56;0;0.4;0;3.73333333333334;0.266666666666667;0.4;0;0;4.4;0;0;0;43.8666666666666;1.33333333333333;0;0;0;3.06666666666667;0.4;0;0;0;0;8.8;0;3.59999999999999;0;9.33333333333333;0.4;10.8;9.2
BP57;0;0.431654676258993;0;2.87769784172662;0.575539568345324;0.287769784172662;0;0;5.75539568345323;0;0;0;39.8561151079137;2.87769784172662;0;0;0;1.43884892086331;0.431654676258993;0;0;0;0;7.19424460431655;0;5.03597122302158;0;12.3741007194245;0.287769784172662;10.7913669064748;9.7841726618705
BP58;0;0.164473684210526;0;2.30263157894737;0.493421052631579;0.493421052631579;0;0;7.73026315789473;0;0;0;47.6973684210526;0.822368421052632;0;0;0;1.15131578947369;0.493421052631579;0;0;0;0;9.53947368421053;0;3.28947368421053;0;13.3223684210527;0.328947368421053;5.5921052631579;6.57894736842105
BP59;0;0.69060773480663;0;3.45303867403314;0.828729281767955;0;0;0;4.00552486187845;0;0;0;50.5524861878453;1.10497237569061;0;0;0;1.24309392265193;0.276243093922652;0;0;0;0;8.56353591160221;0;3.45303867403314;0;11.8784530386741;0.138121546961326;5.24861878453039;8.56353591160221
BP60;0;0.308641975308642;0;5.09259259259259;0.154320987654321;0.462962962962963;0;0;4.78395061728395;0;0;0;50;0.925925925925926;0;0;0;0.462962962962963;0.154320987654321;0;0;0;0;10.9567901234568;0;2.16049382716049;0;10.8024691358025;0;6.6358024691358;7.09876543209876
BP61;0;0;0;4.67289719626168;0;0.778816199376947;0;0;8.09968847352025;0;0;0;45.3271028037383;0.623052959501558;0;0;0;0.155763239875389;0.778816199376947;0;0;0;0;13.0841121495327;0;4.3613707165109;0;8.8785046728972;0.155763239875389;6.85358255451713;6.23052959501558
BP62;0;0.321027287319422;0;2.8892455858748;0.160513643659711;0.160513643659711;0;0;6.58105939004815;0;0;0;50.2407704654896;2.24719101123596;0.160513643659711;0;0;0.481540930979133;0.963081861958267;0;0;0;0;12.8410914927769;0;2.8892455858748;0;12.5200642054575;0.321027287319422;4.65489566613162;2.56821829855538
BP63;0;0.142450142450143;0;5.27065527065527;0.284900284900285;0.427350427350428;0;0;7.26495726495726;0;0;0;45.5840455840456;1.13960113960114;0;0;0;0;0.427350427350428;0;0;0;0;13.1054131054131;0;2.56410256410256;0;16.8091168091168;0.142450142450143;2.27920227920228;4.55840455840455
BP64;0;0.928792569659443;0;4.02476780185759;0.773993808049536;0;0;0;5.10835913312694;0;0;0;52.4767801857585;0.464396284829722;0;0;0;0;0.619195046439629;0;0;0;0;9.28792569659443;0;2.94117647058824;0;16.4086687306501;0.309597523219814;2.1671826625387;4.48916408668731
BP65;0;0.815217391304348;0;5.84239130434782;0;0.407608695652174;0;0;6.79347826086957;0;0;0;40.3532608695652;0.815217391304348;0;0;0;0.271739130434783;0.407608695652174;0;0;0;0;12.5;0.135869565217391;2.03804347826087;0;20.1086956521739;0.271739130434783;1.49456521739131;7.7445652173913
BP66;0;0.299850074962519;0;4.7976011994003;0;0.449775112443778;0;0;8.54572713643179;0;0;0;47.6761619190405;1.34932533733133;0;0;0;0;0.599700149925039;0;0;0;0;13.1934032983508;0;3.74812593703148;0;14.0929535232384;0.149925037481259;1.34932533733133;3.74812593703148
BP67;0;0.150829562594269;0;7.99396681749623;0;0.754147812971342;0;0;6.93815987933636;0;0;0;43.5897435897436;1.80995475113123;0;0;0;0;0.452488687782805;0;0;0;0;14.7812971342383;0;2.26244343891403;0;12.0663650075415;0.150829562594269;1.80995475113123;7.23981900452488
BP68;0.136425648021828;0;0;6.8212824010914;0.136425648021828;0.545702592087313;0;0;8.731241473397;0;0;0;41.2005457025921;1.63710777626194;0;0;0;0;0.272851296043656;0;0;0;0;21.9645293315144;0.272851296043657;2.4556616643929;0;8.45839017735334;0.409276944065484;1.22783083219646;5.72987721691678
BP69;0;0;0;10.0456621004566;0.30441400304414;0.30441400304414;0;0;8.37138508371385;0;0;0;36.6818873668189;0.76103500761035;0.15220700152207;0;0;0;0;0;0;0;0;24.5053272450533;0;1.5220700152207;0;7.76255707762557;0.60882800608828;2.43531202435312;6.544901065449
BP70;0;0.305343511450382;0;4.88549618320611;0.305343511450382;0.152671755725191;0;0;7.32824427480916;0;0;0;43.5114503816794;1.37404580152671;0;0;0;0;0.610687022900763;0;0;0.152671755725191;0;23.969465648855;0;1.6793893129771;0;7.63358778625954;0.305343511450382;1.98473282442748;5.80152671755725
BP71;0;0;0;4.3338683788122;0.160513643659711;0.481540930979133;0;0;6.74157303370786;0;0;0;43.1781701444623;1.60513643659711;0;0;0;0;0.321027287319422;0;0;0;0;26.8057784911717;0.321027287319422;1.76565008025683;0;6.58105939004815;0.160513643659711;2.88924558587479;4.65489566613162
BP72;0;0.288600288600288;0;5.77200577200577;0.144300144300145;0.721500721500721;0;0;4.76190476190477;0;0;0.144300144300145;38.9610389610389;1.58730158730158;0;0;0;0;0;0;0;0;0;29.8701298701299;0.144300144300145;0.577200577200577;0;5.62770562770563;0.288600288600288;3.03030303030303;8.08080808080808
BP73;0;0.408163265306122;0;3.94557823129252;0.136054421768707;0.408163265306122;0;0;8.97959183673469;0;0;0;23.265306122449;2.04081632653061;0;0;0;0.136054421768707;0;0;0;0;0;45.9863945578231;0;2.17687074829932;0;3.40136054421768;0.408163265306122;1.22448979591837;7.48299319727891
BP74;0;0.337837837837838;0;0.675675675675675;0.675675675675675;0.675675675675675;0;0;11.4864864864865;0;0;0;4.39189189189189;1.8581081081081;0;0;0;0.506756756756756;0;0;0;0;0;67.9054054054054;0;3.54729729729729;0;1.01351351351351;1.01351351351351;2.36486486486487;3.54729729729729
BP75;0;0.623052959501558;0;1.24610591900311;0.623052959501558;0.311526479750779;0;0;15.576323987539;0;0;0;2.02492211838006;1.55763239875389;0;0;0;0;0;0;0;0;0;68.8473520249221;0;1.71339563862928;0;1.71339563862928;1.09034267912773;4.67289719626168;0
BP76;0;0.162866449511401;0;0.488599348534202;0.488599348534202;0.651465798045603;0;0;18.8925081433225;0;0;0;2.93159609120521;1.30293159609121;0;0;0;0.162866449511401;0.651465798045603;0;0;0;0;66.1237785016286;0;2.28013029315961;0;0;2.11726384364821;3.09446254071661;0.651465798045603
BP77;0;0;0;0;0.348432055749129;0.696864111498257;0;0;36.2369337979094;0;0;0;0.261324041811847;0.522648083623693;0;0;0;0;0.348432055749129;0;0;0;0;57.1428571428571;0;2.35191637630661;0;0.174216027874564;1.4808362369338;0.348432055749129;0.0871080139372821
BP78;0;0;0;0;0.289855072463768;0.579710144927536;0;0;33.4782608695652;0;0;0.144927536231885;0.289855072463768;1.7391304347826;0.144927536231885;0;0;0;2.17391304347826;0;0;0;0;58.2608695652174;0;1.59420289855073;0;0.144927536231885;1.15942028985508;0;0
BP79;0;0;0;0.252844500632111;0.252844500632111;1.39064475347661;0;0;39.3173198482933;0;0;0.126422250316055;0;0.758533501896334;0;0;0;0;1.76991150442477;0;0;0;0;50.3160556257902;0.126422250316055;4.04551201011378;0;0;1.64348925410872;0;0
BP80;0;0;0;0;0.375234521575985;2.43902439024391;0;0;25.7035647279549;0;0;0;0.187617260787992;3.75234521575985;0;0;0;0;3.75234521575985;0;0;0;0;53.0956848030019;0.375234521575985;9.7560975609756;0;0.187617260787992;0.375234521575985;0;0
BP81;0;0;0;0.299401197604791;0.449101796407186;3.89221556886228;0;0;30.3892215568863;0;0;0;0.149700598802395;3.1437125748503;0;0.149700598802395;0;0;0.598802395209581;0;0;0;0;54.940119760479;0;5.38922155688623;0;0;0.598802395209581;0;0
BP82;0;0;0;0;1.33587786259542;1.7175572519084;0;0;23.4732824427481;0;0;0;0;3.62595419847328;0;0;0;0;4.9618320610687;0;0;0;0;53.2442748091603;0.190839694656488;10.3053435114504;0;0.190839694656488;0.954198473282442;0;0
BP83;0;0;0;0;0.803858520900322;2.41157556270097;0;0;31.1897106109325;0;0;0.803858520900322;0;1.76848874598071;0.160771704180064;0;0;0;1.12540192926046;0;0;0;0;55.6270096463023;0;5.78778135048232;0;0.160771704180064;0.160771704180064;0;0
BP84;0;0;0;0;1.19047619047619;1.87074829931973;0;0;10.8843537414966;0;0;0.170068027210884;0;2.55102040816326;0;0;0;0;2.89115646258504;0;0;0;0;70.7482993197279;0;9.18367346938776;0;0.170068027210884;0.340136054421769;0;0
BP85;0;0;0;0.263852242744064;0.923482849604221;4.22163588390501;0;0;22.4274406332454;0;0;0.395778364116095;0;0.659630606860157;0;0;0;0;1.45118733509235;0;0;0;0;62.664907651715;0.131926121372031;6.46437994722954;0;0;0.395778364116095;0;0
BP86;0;0;0;0.246913580246914;0.246913580246914;3.95061728395062;0;0;11.8518518518519;0;0;0.246913580246914;0;2.71604938271605;0;0;0;0;4.19753086419753;0;0;0;0;58.2716049382716;0;18.0246913580247;0;0;0.246913580246914;0;0
BP87;0;0;0;0.124688279301745;1.24688279301745;3.11720698254364;0;0;11.7206982543641;0;0;0.124688279301745;0;2.61845386533666;0.249376558603491;0;0;0;1.24688279301745;0;0;0;0;70.573566084788;0;8.97755610972569;0;0;0;0;0
BP88;0;0;0;0;0.55452865064695;2.2181146025878;0;0;14.9722735674677;0;0;0.369685767097966;0;2.40295748613678;0;0;0;0;4.06654343807763;0;0;0;0;64.5101663585952;0.184842883548983;9.7966728280961;0;0.184842883548983;0.739371534195933;0;0
BP89;0;0;0;0;0.431034482758621;3.30459770114942;0;0;23.4195402298851;0;0;0.431034482758621;0;2.1551724137931;0;0.143678160919541;0;0;1.29310344827586;0;0;0;0;60.632183908046;0;7.32758620689655;0;0.143678160919541;0.718390804597701;0;0
BP90;0;0;0;0;0.927357032457496;3.24574961360124;0;0;17.0015455950541;0;0;0;0;2.00927357032457;0;0;0;0;4.17310664605874;0;0;0;0;59.5054095826894;0;12.6738794435858;0;0.154559505409582;0.309119010819165;0;0
BP91;0;0;0;0.168350168350168;1.01010101010101;3.7037037037037;0;0;26.0942760942761;0;0;0.505050505050505;0;2.18855218855219;0;0;0;0;2.02020202020202;0;0;0;0;55.2188552188552;0;8.92255892255893;0;0;0.168350168350168;0;0
BP92;0;0;0;0;1.28205128205128;1.60256410256411;0;0;12.5;0;0;0.32051282051282;0;3.2051282051282;0.160256410256411;0;0;0;3.2051282051282;0;0;0;0;66.1858974358974;0.160256410256411;10.7371794871795;0;0;0.641025641025641;0;0
BP93;0;0;0;0;1.76470588235294;2.50000000000001;0;0;15.1470588235294;0;0;0.147058823529412;0.147058823529412;3.38235294117647;0;0;0;0;1.47058823529412;0;0;0;0;64.7058823529412;0;10.5882352941176;0;0;0.147058823529412;0;0
BP94;0;0;0;0;1.04790419161677;2.54491017964072;0;0;28.8922155688623;0;0;0.29940119760479;0;2.39520958083832;0;0;0;0;3.2934131736527;0;0;0;0;50.748502994012;0;10.4790419161677;0;0;0.29940119760479;0;0
BP95;0;0;0;0;1.69230769230769;2.15384615384615;0;0;11.3846153846154;0;0;0.153846153846154;0;2.61538461538461;0;0.153846153846154;0;0;3.07692307692307;0;0;0;0;71.5384615384616;0;6.30769230769231;0;0;0.923076923076923;0;0
BP96;0;0;0;0;0.673400673400674;0.336700336700336;0;0;9.25925925925926;0;0;0;0;2.69360269360269;0.168350168350168;0;0;0;2.69360269360269;0;0;0;0;76.936026936027;0;7.07070707070707;0;0;0.168350168350168;0;0
BP97;0;0;0;0.118623962040332;0.118623962040332;1.18623962040332;0;0;28.8256227758007;0;0;0;0;0.948991696322657;0;0;0;0;0.237247924080664;0;0;0;0;64.29418742586;0;4.03321470937129;0;0;0.237247924080664;0;0
BP98;0;0;0;0;0.185873605947956;0.929368029739777;0;0;47.0260223048327;0;0;0;0;1.11524163568773;0;0;0;0;0.929368029739777;0;0;0;0;43.4944237918216;0;4.83271375464684;0;0;1.48698884758364;0;0
BP99;0;0;0;0;0.562587904360057;0.70323488045007;0;0;43.1786216596343;0;0;0;0;0.70323488045007;0;0;0;0;0.843881856540085;0;0;0;0;50.070323488045;0;2.67229254571026;0;0;1.26582278481012;0;0
BP100;0;0;0;0;0.638977635782747;0.47923322683706;0;0;38.3386581469648;0;0;0;0;1.91693290734824;0;0;0;0;1.27795527156549;0;0;0;0;46.964856230032;0.638977635782747;8.94568690095846;0;0;0.798722044728434;0;0
BP101;0;0;0;0;0.308166409861325;0.770416024653314;0;0;40.5238828967643;0;0;0.154083204930663;0;1.54083204930663;0;0;0;0;0.616332819722651;0;0;0;0;50.8474576271186;0;4.9306625577812;0;0;0.308166409861325;0;0
BP102;0;0;0;0;0;0.855920114122681;0;0;29.9572039942939;0;0;0.142653352353781;0;1.42653352353781;0;0;0;0;0.570613409415121;0;0;0;0;61.1982881597717;0;5.27817403708987;0;0;0.570613409415121;0;0
BP103;0;0;0;0;0.306748466257668;0;0;0;32.2085889570552;0;0;0;0;2.30061349693251;0;0;0;0;1.22699386503067;0;0;0;0;58.8957055214724;0.153374233128834;4.60122699386504;0;0;0.306748466257668;0;0
BP104;0;0;0;0;0.261096605744125;0.652741514360314;0;0;50.1305483028721;0;0;0;0;0.91383812010444;0;0;0;0;1.0443864229765;0;0;0;0;42.4281984334204;0;3.91644908616188;0;0;0.652741514360314;0;0
BP105;0;0;0;0;0.698324022346369;0.698324022346369;0;0;39.2458100558659;0;0;0;0;1.81564245810056;0;0;0;0;1.53631284916201;0;0;0;0;48.463687150838;0;6.4245810055866;0;0;1.11731843575419;0;0
BP106;0;0;0;0;0.291970802919708;0.437956204379562;0;0;57.8102189781022;0;0;0;0;1.45985401459854;0;0;0;0;0.72992700729927;0;0;0;0;34.8905109489051;0;3.5036496350365;0;0;0.875912408759125;0;0
BP107;0;0;0;0;0.63391442155309;1.42630744849445;0;0;64.9762282091917;0;0;0;0;3.64500792393026;0;0;0;0;1.90174326465927;0;0;0;0;18.3835182250397;0.158478605388273;5.54675118858954;0;0.316957210776545;3.01109350237718;0;0
BP108;0;0;0;0;1.09289617486339;3.68852459016393;0;0;73.6338797814208;0;0;0;0;3.27868852459016;0;0;0;0;6.55737704918033;0;0;0;0;0.409836065573771;0.136612021857923;6.28415300546448;0;0;4.91803278688524;0;0
BP109;0;0;0;0;0.702576112412177;1.99063231850117;0;0;49.7658079625293;0;0;0;0;2.92740046838407;0;0;0;0;30.7962529274005;0;0;0;0;0.351288056206089;0.234192037470725;9.71896955503512;0;0;3.51288056206089;0;0
BP110;0;0;0;0;0.568181818181818;2.65151515151515;0;0;12.310606060606;0;0;0;0;3.97727272727272;0.189393939393939;0;0;0;57.1969696969697;0;0;0;0;0.757575757575757;0.189393939393939;17.0454545454546;0;0;5.11363636363636;0;0
BP111;0;0;0;0;0.618238021638331;5.40958268933539;0;0;17.3106646058732;0;0;0.309119010819165;0;9.42812982998454;0;0;0;0;23.8021638330758;0;0;0;0;1.08191653786708;0.154559505409582;35.2395672333849;0;0;6.64605873261205;0;0
BP112;0;0;0;0;2.00400801603206;13.8276553106213;0;0;29.0581162324649;0;0;1.20240480961924;0;13.6272545090181;0.200400801603207;0;0;0;7.21442885771542;0;0;0;0;3.0060120240481;0.601202404809618;28.0561122244489;0;0;1.20240480961924;0;0
BP113;0;0;0;0;0.588235294117648;15.0980392156862;0;0;23.1372549019608;0;0;0.784313725490197;0;16.4705882352941;0.196078431372549;0.196078431372549;0;0;1.37254901960785;0;0;0;0;1.96078431372549;1.1764705882353;36.4705882352942;0;0;2.54901960784314;0;0
BP114;0;0;0;0;0.671140939597316;14.0939597315436;0;0;24.1610738255034;0;0;2.23713646532438;0;14.9888143176734;0.447427293064877;0;0;0;1.56599552572707;0;0;0;0;1.34228187919463;0.671140939597316;38.255033557047;0;0;1.56599552572707;0;0
BP115;0;0;0;0;0.518134715025907;19.3436960276339;0;0;10.1899827288428;0;0;1.55440414507772;0;18.4801381692573;0.518134715025907;0;0;0;0.345423143350605;0;0;0;0;1.72711571675302;0.518134715025907;44.7322970639033;0;0;2.07253886010363;0;0
BP116;0;0;0;0;0.515463917525774;27.8350515463917;0;0;2.31958762886598;0;0;3.35051546391752;0;23.7113402061856;0;0;0;0;0.257731958762887;0;0;0;0;3.09278350515464;0.77319587628866;35.8247422680412;0;0;2.31958762886598;0;0
BP117;0.467289719626169;0;0;0;0.467289719626169;21.0280373831776;0;0;5.14018691588786;0;0;5.14018691588786;0;22.4299065420561;1.40186915887851;0;0;0;1.4018691588785;0;0;0.467289719626169;0;8.8785046728972;0.934579439252338;28.9719626168224;0;0;3.27102803738317;0;0
BP118;1.17647058823529;0;0;1.17647058823529;0;11.7647058823529;0;0;8.23529411764706;0;0;3.52941176470589;0;17.6470588235294;1.17647058823529;1.17647058823529;0;0;0;0;0;1.17647058823529;0;9.41176470588235;0;42.3529411764706;0;0;1.17647058823529;0;0
BP119;1.75438596491229;0;0;0;0;10.5263157894737;0;0;3.50877192982456;0;0;1.75438596491229;0;22.8070175438597;0;0;0;0;0;0;0;0;0;10.5263157894737;3.50877192982456;45.6140350877193;0;0;0;0;0
BP120;0;0;0;0;0;6.41025641025641;0;0;3.84615384615385;0;0;2.56410256410256;0;24.3589743589744;0;0;0;0;1.28205128205128;0;0;0;0;6.41025641025641;2.56410256410256;52.5641025641026;0;0;0;0;0
BP121;0.75187969924812;0;0;0.75187969924812;0;15.7894736842105;0;0;3.7593984962406;0;0;6.76691729323308;0;15.7894736842105;0;0;0;0;0.75187969924812;0;0;0;0;5.26315789473685;2.25563909774436;47.3684210526316;0;0;0.75187969924812;0;0
BP122;0;0;0;0;0;15.2380952380953;0;0;4.76190476190476;0;0;8.57142857142857;0;11.4285714285715;0;0;0;0;0;0;0;0;0;5.71428571428572;0.952380952380952;52.3809523809523;0;0;0.952380952380952;0;0
BP123;0;0;0;1.5;0;21.5;0;0;7.5;0;0;3.5;0;11.5;1.5;0;0;0;0;0;0;0.5;0;4.5;0;46.5;0;0;1.5;0;0
BP124;1.24223602484472;0;0;0;0;35.4037267080745;0;0;4.96894409937888;0;0;5.59006211180124;0;12.4223602484472;1.24223602484472;0;0;0;0.62111801242236;0;0;0.62111801242236;0;9.93788819875777;0.62111801242236;26.0869565217391;0;0;0.62111801242236;0.62111801242236;0
BP125;0.390625;0;0;0;0;21.484375;0;0;2.734375;0;0;5.46875000000001;0;11.71875;4.296875;0;0;0;0;0;0;0.390625;0;11.71875;1.171875;40.625;0;0;0;0;0
BP126;0.54054054054054;0;0;0;0;20.5405405405406;0;0;4.32432432432432;0;0;5.94594594594594;0;10.8108108108108;1.62162162162162;0;0;0;0;0;0;0.54054054054054;0;22.1621621621622;1.08108108108108;31.3513513513513;0;0;1.08108108108108;0;0
BP127;0.8;0;0;0;0;22.4;0;0;3.2;0;0;9.6;0;8;1.6;0;0;0;0;0;0;0.8;0;10.4;1.6;40.8;0;0;0.8;0;0
BP128;2.70270270270271;0;0;0;1.35135135135135;17.5675675675676;0;0;5.40540540540541;0;0;6.75675675675676;0;5.40540540540541;2.70270270270271;0;0;0;0;0;0;1.35135135135135;0;14.8648648648648;1.35135135135135;40.5405405405405;0;0;0;0;0
