abies;acer;alnusfru;alnusund;apiaceae;artemisia;asterund;betunana;betula;brassicaceae;carpinus;chenopodiaceae;corylus;cyperaceae;ephedra;ericaceae;fagus;fraxinus;juniperus;larix;olea;picea;pinushap;pinus;plantago;poaceae;quercusever;quercusdec;salix;tilia;ulmus;tann;biome
0;0;0;0.91;0;0;0.23;0;6.83;0;0;0;1.37;19.13;0;36.67;0;0;0;0;0;0;0;15.72;1.37;17.31;0;0;0.23;0;0.23;4.627;COMX
0;0;0;0;0;0;0;0;0;1.39;0;1.39;0;0;0;84.72;0;0;0;0;0;0;0;0;12.5;0;0;0;0;0;0;5.115;TUND
0.08;0;0;2.27;0.17;0;0;0;45.32;0;0;0;0;2.02;0;4.21;0;0;0.93;0;0;4.89;0;31.59;0;8.42;0;0.08;0;0;0;0.256;COMX
0;0;0;2.34;0.2;0;0.2;0;2.73;0;0;0;10.16;0.78;0;71.29;0;0.78;0;0;0;0;0;0;1.37;7.62;0;2.34;0;0;0.2;6.518;COMX
0;0;0;0.2;0;0;0.2;0;0.2;0;0;0.2;0.81;2.02;0;49.6;0;0;0;0;0;0;0;1.21;5.67;37.65;0;0.4;1.42;0;0.4;7.148;TUND
0.67;0;0;1.33;0.33;1.33;4;0;0.67;0;0;0;0.67;46;0;0;0;0;0;0;0;0;0;31.33;0.67;9.33;0;3.33;0.33;0;0;10.806;WAST
0;0;0;21.4;0;0;0.33;0;6.69;0;0;0;16.05;1.34;0;15.38;0;0;0;0;0;0;0;7.02;0;28.43;0;3.01;0.33;0;0;5.967;COMX
1.91;0;0;10.64;1.49;0.43;1.91;0;3.62;0;1.06;0.64;4.04;12.55;0;0;5.96;1.49;0.64;0;0;11.06;0;17.66;9.79;0;0;12.98;1.06;0.43;0.64;9.936;COMX
10.81;0;0;1.16;0;2.32;0.39;0;0;0;0;0.77;0.77;2.7;0;0.39;0.77;0;0;3.47;2.32;3.47;0;38.61;5.79;16.22;0;8.49;0.39;0;0.77;2.466;COMX
0.27;0;0;1.6;0;0;1.07;0;0;0.27;0;0;0;40.11;0;0;0.8;0;0.8;0;1.07;0.53;0;40.11;2.41;4.28;0.27;6.42;0;0;0;7.07;TEDE
0;0;0;4.9;0;0.19;0.38;0;1.83;0;0;0.19;25.38;0.1;0;1.15;0.87;0.87;0;0.1;0;0.38;0;8.65;0.77;48.08;0;3.65;0.96;0.1;1.44;6.915;COMX
0;0.02;0;13.42;0.14;0.85;0.07;0;19.39;0.05;0.05;0.31;4.9;0.8;0;1.04;1.23;0.02;7.69;0;0;5.63;0;24.53;0.17;14.25;0;3.67;0.97;0.38;0.4;5.434;COMX
0;0;0;1.55;0;0.17;0;0;39.52;0;0;0;0.52;2.23;0;1.2;0;0;0.17;0;0;8.42;0;45.19;0;0.86;0;0;0.17;0;0;-0.711;COMX
0;0;0;4.76;0.22;0.11;3.35;0;5.3;0.22;0;0.54;4;1.84;0;15.46;0.32;0.32;0;0;0;0.97;0;2.7;1.08;56;0;1.95;0.32;0.22;0.32;6.172;COMX
3.03;0;0;3.03;0.43;0;1.3;0;0.43;0.43;1.73;1.3;6.49;14.72;0;1.3;19.91;0;0.87;0;0;0;0;2.16;3.03;26.41;0;12.99;0;0;0.43;8.575;TEDE
0.26;0.26;0;0;0.26;2.81;1.28;0;0;1.02;0;3.57;0.77;32.91;0;0;1.02;0.77;3.57;0;0.51;0;0;13.78;1.28;19.39;1.28;14.03;1.28;0;0;14.257;WAST
0;0;0;0;1.33;0.44;46.9;0;0;0.44;0;29.2;0;9.73;1.77;0;0;0;0;0;0;0;0;3.98;0;2.65;0.44;3.1;0;0;0;17.769;WAST
0.69;0;0;0;1.21;0.52;17.65;0;0;0.69;0;0.87;0;11.07;0;0;0;0;0.52;0;0.17;0;0;55.71;4.84;5.02;0;0.69;0.35;0;0;12.521;WAST
0;0;0;0.57;0.11;0.8;1.72;0;0;0.69;0;2.29;0;14.66;0;0.34;0;0;0.11;0;0.11;0;0;61.4;0.11;8.48;0;7.45;0.11;0;0.34;18.573;TEDE
0;0;0;0;0;0.6;3.41;0;0;0.2;0;2.61;0;2.61;0;0;0;0;0.8;0;0;0;0;88.38;0.2;0.6;0;0.6;0;0;0;12.387;TEDE
0;0;0;7.92;0;0.38;0.19;0;12.52;0.06;0.64;0.32;3.32;0.7;0;17.19;6.07;0.19;0;0;0;0.96;0;7.86;0.51;38.27;0;1.92;0.13;0.64;0.19;6.185;COMX
0;0;0;2.03;0.14;0.41;0;13.8;20.84;0;0;0;0;15.43;0;0.41;0;0;0.41;0;0;10.55;0;30.31;0;5.41;0;0;0.27;0;0;-0.062;COMX
0;0;0;12.57;0;0;0;0;26.11;0;0;0.12;0;16.05;0;7.54;0;0;0.36;0;0;1.92;0;27.54;0.12;4.79;0;0;2.87;0;0;1.297;COMX
0;0;0;0.99;0;0;0.17;0;61.09;0;0;0;0;2.48;0;0.33;0;0;0;0;0;0.33;0;33.77;0;0.83;0;0;0;0;0;1.226;COMX
0;10.11;0;13.93;0.67;1.8;1.12;0;2.47;1.57;2.7;0.67;0.45;0;0;1.12;0.22;0;0;0;0;0.22;0;30.11;1.35;20;0;9.21;1.57;0;0.67;7.913;TEDE
0;0;0;6.03;0.09;0.82;0;0;25.96;0;0.09;0.09;0.64;1.37;0;0.27;0.18;0.18;4.75;0;0;14.72;0;35.92;0.46;5.3;0;1.55;0.55;0.73;0.27;4.536;COMX
0;0;0;11.85;0.23;0.68;0.46;0;12.3;0;0;1.59;2.73;3.19;0;0.46;13.9;0.91;0;0;0;3.42;0;14.81;0.23;22.1;0;7.52;0.46;0.23;2.96;6.384;COMX
0;0;0;0.41;0.07;0.07;0.07;0;8.78;0;0.07;0.07;0;0;0;0.41;0.2;0;0;0;0;0.2;0;54.25;0.34;11.57;0;23.35;0.07;0;0.07;6.649;COMX
0;0;1.89;7.26;0;0.63;0;3.79;26.81;0;0;0;0;0;0;0.32;0;0;0;0.32;0;2.84;0;53;0;3.15;0;0;0;0;0;-8.146;COCO
0;0;0.38;11.79;0;1.9;0;9.51;36.12;0;0;0.76;0;3.42;0;0.38;0;0;0;11.41;0;0.38;3.04;4.94;0;12.55;0;0;3.42;0;0;-8.027;COCO
0;0;1.56;7.42;0.78;1.95;0;7.42;25.78;0;0;0;0;4.69;0;4.69;0;0;0;2.34;0;1.95;27.34;11.72;0;1.56;0;0;0.78;0;0;-4.499;COCO
0;0;0;14.25;0;0;5.16;0;4.18;0.25;0;0.74;4.91;8.85;0;0.25;0;0.25;0;0;0;0;0;0;4.67;52.83;0;3.19;0.49;0;0;9.207;COMX
0;0;0;1.02;0.34;0;0;0;1.02;0;0;0;1.71;2.73;0;76.11;0;0.68;0;0;0;0;0;0;1.37;12.97;0;2.05;0;0;0;8.652;COMX
0;0;0;2.82;0;0.19;1.13;0;15.82;0.19;0;0.19;0.38;33.33;0;2.45;0;0;5.08;0;0;0;0;21.28;0.19;15.63;0;1.13;0.19;0;0;3.344;COMX
0;0;0;9.95;0;0;0;0;31.28;0;0;0;4.88;0;0;2.71;0;0;4.34;0;0;1.27;0;43.76;0.18;0;0;0.36;0.18;0.72;0.36;2.828;COMX
0.28;0;0;1.99;1.14;0.85;0.28;0;1.14;0.85;0;0;4.27;17.66;0;9.97;0;0.28;0;0;0;0;0;0.28;0.28;42.17;0;17.95;0.57;0;0;10.299;WAST
0;0;0;11.82;0;0;0.91;0;27.73;0;0;0;2.73;2.73;0;0;0;0;0;0;0;9.09;0;39.09;0;2.73;0;1.36;0;0.91;0.91;3.136;COMX
0;0;0;1.67;0.51;0.26;1.03;0;1.92;0.51;0;0.38;1.03;6.67;0;0.13;0;0.26;0;0;0;0;0;0.77;1.41;78.46;0;2.95;0.13;0.26;1.67;7.543;WAST
0;0;0;1.53;0.02;0.02;0.18;0;3.34;0.1;0;0.14;1.65;0.22;0;52.52;0.37;0;0;0;0;0.16;0;3.11;0.57;34.41;0;1.45;0.08;0;0.12;7.769;COMX
0;0;0;7.8;0.15;0;1.26;0;18.72;0.52;0.07;0.37;6.61;12.93;0;7.21;0.97;0.45;0;0;0;0;0;3.57;4.68;28.75;0;4.98;0.74;0.07;0.15;7.769;COMX
0;0;0;7.76;0.23;0.11;0.91;0;27.4;0.8;0.8;1.37;20.89;4.34;0;0.34;2.4;0.23;0;0;0;0.11;0;12.56;1.26;12.67;0;5.37;0.34;0.11;0;7.762;COMX
0;0;0;8.91;0;0.81;1.62;0;31.98;0;0.81;1.21;5.26;2.83;0;0;0;0;0;0;0;4.05;0;38.46;0;3.24;0;0.81;0;0;0;4.511;COMX
0;0;0;10.84;0;0;0.96;0;22.17;0;0;0;4.1;1.2;0;0.72;0;0;0;0;0;15.42;0;39.28;0;1.93;0;0.24;0;1.2;1.93;3.642;COMX
0;0;0;10.73;0;0.38;0;0;19.54;0;0;0.77;5.36;1.53;0;7.66;0;0;0;0;0;10.73;0;37.16;0;2.68;0;0.77;1.92;0;0.77;4.459;COMX
2.52;0;0;0.42;0;0;0.42;0;0;0;0;0;0;26.47;0.42;0;0.42;0;0;0.42;2.94;0.84;0.42;61.34;0.84;1.26;0;0.84;0.42;0;0;3.244;TEDE
0;0;0;10.88;0.42;0;24.27;0;3.35;0.42;0.42;0.84;6.69;21.76;0;2.09;0.42;0;0;0;0;0;0;4.18;0.42;12.97;0;8.79;0;0.42;1.67;9.094;TEDE
0;0.34;0;2.76;0;1.03;2.41;0;1.03;0;0;0;2.76;7.24;0;20.69;6.21;0;0;0;2.07;0;0;13.79;4.83;27.59;0.69;5.86;0.34;0;0.34;13.267;TEDE
0;0.28;0;3.63;0.28;0;1.4;0;0.56;0;0;1.4;3.91;5.03;0;13.41;6.98;0.56;0;0;2.23;0;0;14.53;3.07;29.33;1.12;11.45;0.56;0;0.28;13.47;COMX
0.55;0;0;0;0.27;0.55;0.27;0;0.27;0.82;0;0.27;0.55;46.85;0.27;0;0;0;1.64;0;0.55;0.55;0;35.89;1.37;5.75;0;3.01;0.27;0;0.27;7.07;WAST
3.01;0;0;1.5;0;0.75;3.76;0;0;0.75;3.76;0;2.26;33.83;0;0;0.75;0.75;1.5;0;0;2.26;0;18.05;0;20.3;0;6.02;0.75;0;0;11.406;TEDE
0;0;0;0;3.62;5.8;47.83;0;0;4.35;0.72;27.54;0;2.17;0;0;0;0;0;0;0;2.17;0;1.45;0;2.9;0;1.45;0;0;0;14.605;WAST
0;0.18;0;13.01;0;0;0;0;23.37;0;0.18;0;1.76;0.35;0;36.56;0.18;0;0;0;0;0;0;19.68;0;1.76;0;0.7;1.93;0;0.35;4.4;COMX
0.12;0.24;0;6.18;0.24;3.92;3.44;0;19.36;1.43;0.36;1.54;1.54;1.19;0;0.48;0.36;0;0;0;0;0.24;0;25.42;1.54;25.65;0;5.23;0.59;0.48;0.48;7.919;COMX
0;0;0;0.44;0;0.22;0;0;34.29;0;0;0.22;0;2.21;0;0.44;0;0;0;0;0;0.89;0;60.18;0;0.89;0;0;0.22;0;0;-0.721;COMX
0;0;0;2.35;0;0.59;0.59;0;33.14;0;0;0;0.29;5.87;0;2.35;0;0;0;0;0;4.69;0;46.63;0;2.93;0;0;0.59;0;0;-1.463;COMX
0;0;0;1.5;0;0.86;0.86;0;36.4;0;0;0.43;0;14.99;0;7.92;0;0;0.21;0;0;1.71;0;26.55;0;7.49;0;0;1.07;0;0;-1.586;COMX
0;0;0;1;0;0;0;0;71.91;0;0;0.33;0;4.35;0;2.34;0;0;2.68;0;0;0.67;0;13.71;0;2.34;0;0;0.67;0;0;-2.16;COMX
0;0;0;7.09;0;0.77;0;0;42.84;0;0;0.62;0;7.24;0;1.39;0;0.15;0;0;0;2.16;0;34.21;0.15;2.77;0;0;0.62;0;0;2.164;COMX
0;0;0;6.18;0;0.09;0;0;20.59;0;0;0;0;0.9;0;0.54;0;0.63;1.25;0;0;8.5;0;53.18;0.09;7.97;0;0;0.09;0;0;2.145;COMX
0;0;0;2.02;0;0.81;0;0;24.19;0;0;0;0;26.21;0;0;0;0;0.4;0;0;4.44;0;37.5;0;4.03;0;0;0.4;0;0;0.312;COMX
0;0;0;12.09;0.17;0.41;0.08;0;18.71;0.08;0;0.25;0.83;1.82;0;0.41;0;0.25;1.82;0;0;6.79;0;42.88;0.25;11.92;0;0.58;0.17;0;0.5;3.454;COMX
0;0;0;0.73;0;0;0;0;32.52;0;0;0.12;0;2.43;0;2.18;0;0;0;0;0;1.21;0;60.07;0;0.61;0;0;0.12;0;0;-1.24;COMX
0;0;0;7.38;0.07;0.22;0.07;0;21.92;0;0;0.07;0.07;0.07;0;24.1;0.07;0;0;0;0;10.56;0;32.27;0.07;3.04;0;0;0;0;0;2.945;COMX
0;0;0;13.91;0.1;0;0.1;0;38.16;0;0;0;0.68;0.48;0;0.48;0.1;0;0.1;0;0;7.34;0;35.65;0;1.74;0;0.19;0.48;0.29;0.19;2.492;COMX
0;0;0;4.57;0.17;0.17;0;0;25.28;0.17;0;0.26;0;0.35;0;10.7;0;0;0;0;0;10.27;0;46.59;0;1.47;0;0;0;0;0;2.967;COMX
0;0;0;5.49;0.09;0.17;0.09;0;29.7;0;0;0.44;0.17;0.17;0;7.93;0;0;0.87;0;0;12.2;0;39.37;0;3.14;0;0.09;0;0;0.09;3.1;COMX
0;0;0;4.16;0;0.24;0.32;0;11.44;0.08;0;0.16;0;0;0;12.72;0;0;0.16;0;0;29.6;0;36.96;0;4.16;0;0;0;0;0;2.947;COMX
0;0;0;2.77;0.16;0.16;0;0;29.95;0.08;0;0.16;0.24;7.21;0;0.16;0;0;10.06;0;0;3.25;0;43.98;0;1.35;0;0.32;0.08;0;0.08;3.352;COMX
0;0;0;2.22;0.09;0.09;0;0;10.85;0;0;0.09;0.34;0.17;0;10.5;0;0;0.09;0;0;16.23;0;56.11;0;3.25;0;0;0;0;0;2.982;COMX
0;0;0;3.87;0.25;0.12;0.12;0;7.23;0;0;0;0.5;0.5;0;26.68;0;0;0;0;0;6.48;0;53.74;0;0.5;0;0;0;0;0;3.471;COMX
0;0;0;6.39;0;0.19;0.28;0;27.44;0;0.19;0;0.47;1.13;0;0.85;0;0;0.19;0;0;2.44;0;56.95;0;1.97;0;0;0.09;1.32;0.09;2.418;COMX
0;0;0;4.89;0;0.09;0;0;16.98;0;0.09;0.17;0.17;0.43;0;0.17;0;0;8.06;0;0;9.78;0;54.63;0.09;3.69;0;0.77;0;0;0;3.607;COMX
1.75;0;0;7.02;1.75;0;0;0;0;0.58;4.68;2.34;0.58;0;0;3.51;9.94;0;2.92;0;11.7;0;0;5.26;2.92;32.75;4.09;2.92;1.17;0;4.09;14.333;COMX
0.05;0;0;0.14;0.05;0.24;0.29;0;0;0.29;0;4.19;0;86.18;0;0;0.19;0.05;0;0;0.05;0;0;1.72;0.24;5.1;0;1.19;0.05;0;0;12.865;WAST
0;0;0;3.85;0;0;0.52;0;28.15;0;0;0;0.52;4.2;0;2.27;0;0;0;0;0;3.32;0;50.52;0;5.77;0;0;0.87;0;0;1.848;COMX
1.17;0;0;4.85;0.06;0.58;0.64;0;4.97;0.12;0.41;1.23;1.23;0.94;0;27.64;2.22;0.06;0;0;0;12.51;0;29.11;2.28;7.89;0;1.05;0.18;0.35;0.53;8.41;COMX
9.7;1.52;0;16.92;1.71;1.52;1.52;0;6.08;0;1.33;0.57;6.65;3.23;0;0;4.94;3.42;0;0;0;0.95;0;15.4;0.57;9.7;0;3.23;7.79;1.71;1.52;7.551;COMX
1.42;0;0;5.1;0;1.13;1.7;0;7.93;0.85;0.57;0.28;1.42;14.45;0;1.13;0.85;0;0.57;0;0;0.85;0;33.43;2.55;21.25;0;2.55;1.42;0.28;0.28;8.626;COMX
0;0;0;4.73;0;0.59;0;0;10.35;0;0;0;4.73;13.91;0;25.74;0;0;0;0;0;0;0;20.71;0.3;17.16;0;1.18;0.3;0;0.3;4.661;COMX
0;0;0;1.28;0;0;0.21;0;10.02;0.43;0;0;0.21;8.1;0;41.58;0;0;0;0;0;0;0;14.5;1.28;22.17;0;0;0.21;0;0;4.304;COMX
0;0;0;5.03;0;0;0;0;5.49;0;0;0;8.47;10.98;0;16.25;0;0;0;0;0;0;0;16.25;0.46;35.24;0;0.92;0;0;0.92;3.629;COMX
0;0;0;0.34;0.69;0.34;4.48;0;0;0.34;0;0.34;0;0.34;0;1.38;0;1.38;0.69;0;5.17;0;0;34.48;3.1;23.79;14.14;8.62;0.34;0;0;10.96;XERO
0;0;0;0;0.23;0.23;2.06;0;0.23;0;0;0.23;0.23;0.69;0;0.69;0.23;0;0.46;0;1.61;0;0;28.67;3.21;15.37;1.15;43.58;0.69;0;0;9.692;XERO
0;0;0;0.31;0.31;0.92;1.54;0;0;0.31;0;0;0;0;0;0;0;0.62;0;0;3.38;0;0;23.69;0.62;5.54;4.92;57.54;0.31;0;0;8.845;COMX
0;0;0;0;0.44;0.44;1.11;0;0;0;0;0.22;0;1.55;0;0.22;0;0;0.44;0;0.22;0;0;88.27;0.22;3.32;1.99;1.33;0.22;0;0;7.343;XERO
0;0;0;0;0.18;0.18;0.53;0;0.18;0;0;0.18;0;0;0;0.18;0;0.35;0.89;0;0.89;0;0;87.41;0.71;4.08;2.66;1.42;0;0;0.18;6.292;XERO
0;0;0;0.36;0;1.08;1.79;0;0.36;0;0;0.36;0.36;0.36;0;2.15;0;0.36;10.39;0;2.51;0;0;43.01;1.43;24.37;5.38;5.38;0.36;0;0;4.525;XERO
0;0;0;0.33;0.67;1.67;2.01;0;0;0;0;1;0;0.33;0;1.67;0;1.34;22.74;0;2.34;0;0;27.42;1;27.09;7.69;2.01;0.33;0;0;10.394;XERO
0;0;0;0;0;4.12;4.12;0;0;0;0;0.41;0;0.41;0;0.41;0;1.23;41.56;0;0.82;0;0;17.7;2.88;14.4;9.05;2.47;0;0;0.41;10.426;XERO
0;0;0;1.23;0;0.31;9.57;0;0.31;0;0;0;5.56;37.96;0;4.63;0.62;1.54;0;0;0;0;0;9.57;22.53;3.09;0.31;1.85;0;0;0.93;10.871;WAST
0;0;0;2.4;4.57;0;3.37;0;3.85;0.72;0;0;19.23;4.33;0;1.44;1.44;1.92;0;0;0.72;0;0;5.53;4.33;36.06;0;2.64;6.25;0.24;0;7.762;TEDE
0;0;0;3.43;0.31;0;8.1;0;4.98;0;0;0;11.53;4.98;0;4.05;0;0.62;0.31;0;0;0;0;16.2;0.62;39.25;0.31;5.3;0;0;0;13.558;COMX
0;0;0;2.76;0;0;0.5;0;0.25;0.5;0;0.25;2.26;3.52;0;1.01;0;0;0;0;1.01;0;0;53.52;2.76;27.89;0.5;3.02;0.25;0;0;14.733;WAMX
0;0;0;2;0;0;0.67;0;1;1;0;0.33;0.67;40;0;3.33;0;0.33;0;0;1.67;0;0;5.67;0.33;28.33;3.33;11;0;0;0.33;12.725;WAST
0;0;0;0;0;0;6.3;0;0;0;0;0.27;0;0.27;0;0;0;0.55;0;0;0.27;0;0;47.95;0;44.11;0;0.27;0;0;0;15.671;WAST
0;0.82;0;0.55;0;22.25;1.37;0;0;4.12;0;1.37;0;1.37;0.55;1.1;0;2.47;1.65;0.55;33.24;0;0;14.56;0;7.42;3.57;2.47;0.55;0;0;18.009;XERO
0;0;0;0;0.29;0;30.84;0;0;2.59;0.29;2.02;0;9.22;0;0;0;0;0;0;1.15;0;0;3.75;1.15;44.38;1.15;3.17;0;0;0;16.726;WAST
0;0;0;1.18;0.29;0.29;0.59;0;7.06;0.59;0;0;2.65;8.82;0;15.88;0;0;0.59;0;1.47;0;0;4.71;2.65;37.94;1.18;13.24;0.59;0;0.29;6.694;TEDE
0;0;0;6.63;0;0;6.92;0;0.86;0.58;0;0.29;1.15;19.02;0;5.19;0;0;0;0;0.29;0;0;8.65;1.15;44.67;1.15;3.17;0.29;0;0;13.561;WAST
0;0;0;0;0;0.55;5.18;0;0;0.74;0;16.08;0;16.08;0;0;0;0;0;0;7.76;0;0;20.33;2.96;26.8;2.59;0.92;0;0;0;14.694;WAST
0.3;0;0;0.6;0;0;2.42;0;0;2.42;0;0;1.21;7.55;0;2.11;0;0;0.6;0;3.32;0;0;56.19;1.51;19.03;0.6;2.11;0;0;0;15.706;WAST
0;0;0;1.34;0.58;4.61;0.77;0;0;0.96;0;39.16;0.38;4.03;0;0.19;0;0;0.58;0;7.49;0;0;14.78;3.45;14.78;0;6.53;0;0;0.38;12.342;WAST
0;0;0;1.17;0.2;0.2;2.34;0;0;0.39;0;0.39;0.39;3.32;0;1.95;0;0.39;0;0;0.98;0;0;10.16;0.78;75;0;2.15;0.2;0;0;12.927;WAST
0.31;0;0;7.67;0;0;3.37;0;0;1.23;0;0;0.61;3.37;0;6.13;0;0;0;0;0.31;0;0;40.49;6.13;29.45;0.92;0;0;0;0;12.572;WAST
0;0;0;0.41;0;0;7.72;0;0.41;4.47;0;0.41;0;1.63;0;8.13;0;0;0;0;0;0;0;14.63;3.25;15.04;5.69;37.8;0;0;0.41;13.857;WAST
0;0;0;0;0.68;0;20.82;0;0;7.85;0;0.68;0;16.04;0;0;0;0;0.34;0;13.31;0;0;29.35;0;7.85;0;3.07;0;0;0;11.108;WAST
0;0;0;1.72;0.57;0;33.59;0;0.57;1.15;0;0.38;0.57;2.67;0;9.73;0;0.19;0;0;0.57;0;0;14.31;0.57;30.53;0.95;1.72;0.19;0;0;12.991;WAST
0;0;0;4.6;0;0;1.84;0;1.61;0.46;0;0;5;3;0;19.31;0;0;0;0;0;0;0;31.26;1.84;28.05;0.23;2.07;0;0;0;13.558;TEDE
0;0;0;0;0;0.31;0.93;0;0;0.93;0;9.91;0;4.33;0;1.55;0;1.24;0;0;15.48;0;0;34.37;3.72;8.98;7.74;8.67;0;0;0.62;14.222;XERO
0;0;0;1.34;0.19;1.15;2.87;0;0.38;0.96;0;27.92;0.19;1.34;0;1.15;0;0.19;0;0;19.12;0;0;9.94;4.02;11.28;7.07;10.13;0;0;0.76;14.236;WAST
0;0;0;0;0;0.29;0.57;0;0;0.57;0.29;52.3;0;1.15;0;0.86;0;0;0;0;1.15;0;0;8.05;0.57;25;4.02;4.89;0;0;0;14.221;WAST
0;0;0;0.27;0;0;13.08;0;0;0.82;0;0.54;0;0.54;0;0;0;0.27;1.36;0;1.36;0;0;35.97;1.09;39.78;2.72;1.63;0;0;0.27;9.909;WAST
0;0;0;0;0;1.14;2.67;0;0;1.71;0;13.33;0;0.76;0;0.57;0.19;0;0.38;0;28.95;0;0;12.57;2.48;12.95;8.19;13.71;0.38;0;0;17.356;XERO
0;0;0;0;0.27;0.27;1.87;0;0;1.6;0;1.6;0;6.95;0;1.07;0;0.27;1.6;0;37.97;0;0;5.35;5.62;5.62;3.74;25.4;0.53;0;0.27;16.613;XERO
0;0;0;0;0;0.86;1.43;0;0.29;0.29;0;0.57;0.57;4.58;0;0.29;0;0;4.58;0;7.16;0;0;48.14;2.87;14.9;5.73;7.74;0;0;0;9.266;XERO
0;0;0;0;0;0;0.28;0;0;1.71;0;41.03;0.14;0.85;0;0.28;0;0;0;0;2.42;0;0;44.87;0.14;7.55;0;0.71;0;0;0;13.806;XERO
0;0;0;0.29;0;1.43;0.57;0;0.29;2.86;0;22.29;0;3.14;0;0;0;0;0;0;10.86;0;0;20;1.43;24.86;0.29;11.43;0;0;0.29;16.513;WAST
0;0;0;1.3;0;1.82;1.82;0;1.04;1.82;0;2.6;0;0.78;0;2.34;0;0;0.78;0;7.29;0;0;51.04;1.82;10.42;0.78;14.32;0;0;0;13.98;WAMX
0;0;0;0.37;0;0;0.93;0;0.56;0.75;0.19;0.19;1.68;0.75;0;5.22;1.12;0;0;0;0.56;0;0;81.9;0.37;3.17;0.37;1.87;0;0;0;7.099;TEDE
0;0;0;0;0.91;2.13;0;0;4.86;1.22;0.3;0.91;2.13;0.91;0;5.47;1.52;1.22;2.43;0;4.86;0;0;47.11;3.04;8.21;3.95;8.81;0;0;0;7.099;WAMX
0;0;0;0.7;1.39;1.05;1.05;0;0;1.05;0;4.18;0;19.16;0;2.44;0;0;1.74;0;2.79;0;0;36.59;7.67;10.45;2.44;6.97;0;0;0;10.183;WAST
0;0;0;0.64;0.64;0;6.09;0;0.64;1.6;0;0.64;1.6;50.64;0;1.6;0.32;0;0;0;0.32;0;0;6.73;2.56;24.36;0.32;1.28;0;0;0;13.546;WAST
0;0;0;0;0.52;33.85;6.46;0;0;1.03;0;2.33;0;3.62;0;0;0;0;0.52;0;18.09;0;0;8.27;1.03;21.45;0.78;2.07;0;0;0;18.022;WAST
0;0;0;0;0.27;1.1;0.27;0;0;4.12;0;0.27;0;9.07;0;0.27;0;8.24;1.1;0;16.48;0;0;45.88;0.55;2.75;3.3;1.92;4.4;0;0;17.665;XERO
0.48;0;0;0;0;0.24;0;0;0;1.9;0;0;0;7.86;0;0;0;1.19;0;0;14.05;0;0;67.14;0.24;3.33;1.67;1.67;0.24;0;0;11.528;XERO
0.97;0;0;0;0;1.94;0.97;0;0.49;0.73;0;0.97;0;2.18;0;4.13;0.49;0.49;0;0;2.91;0.49;0;56.8;1.46;18.69;1.7;4.13;0;0;0.49;5.151;XERO
0;0;0;0;0.26;0;3.09;0;0;0.77;0;0.52;0;55.41;0;0.26;0;0.26;1.55;0;7.22;0;0;24.74;0;1.55;0.52;3.87;0;0;0;14.154;WAST
0;0;0;3.34;0.33;1.34;2.68;0;0;2.01;0;13.38;0;3.34;0;1.34;0;4.35;14.38;0;9.36;0;0;13.71;6.02;12.37;3.34;7.69;0;0;1;13.949;WAST
0.27;0;0;1.62;0.54;0.27;1.08;0;7.55;0;0;0.27;0;0.54;0;22.37;0;0.27;0.81;0;2.16;0.27;0;6.2;2.7;38.81;1.35;12.67;0;0;0.27;6.412;TEDE
0;0;0;0.32;0;0.65;1.94;0;0;1.94;0;3.24;0;0.97;0;1.29;0;0.97;6.47;0.32;19.42;0;0;16.5;2.91;16.5;11.33;12.62;0;0;2.59;14.202;XERO
0;0;0;0.66;0;0;1.65;0;2.64;1.65;0;0;1.32;1.32;0;16.5;0;0;0;0;0.33;0;0;5.28;0.66;67.33;0;0.66;0;0;0;10.311;WAST
0;0;0;0.37;0;1.47;0;0;0;0.74;0;4.78;0;1.47;0;0.37;0;0;8.46;0;16.54;0;0;6.25;2.57;26.47;5.88;23.9;0;0;0.74;14.202;XERO
0;0;0;0;0;4.01;1;0;0;1.34;0;8.7;0;4.68;0;0;0;0;5.02;0;11.37;0;0;37.79;1;14.72;2.68;7.36;0;0;0.33;13.818;XERO
0;0;0;0;0.27;1.09;0.82;0;0;1.09;0;20.11;0;2.17;0;0.54;0;0;2.99;0;8.42;0;0;28.26;1.9;22.28;4.89;4.35;0.27;0;0.54;13.946;XERO
0;0;0;0;0;6.89;0.9;0;0;1.8;0;2.99;0;4.19;0;0.6;0.3;0;3.59;0;23.05;0;0;25.15;1.8;15.27;4.49;8.38;0;0;0.6;14.035;XERO
0;0;0;0.29;0;4.34;0;0;0;1.16;0;29.48;0;7.8;0;0.29;0;0;0.58;0;8.96;0;0;26.59;1.16;11.85;0.29;5.2;0;0.29;1.73;14.069;WAST
0;0;0;49.1;0;0.2;0;0;24.3;0;0;0;0;9.4;0;0.7;0;0;0.2;0;0;13.6;0;0;0;1.6;0;0;0.9;0;0;-7.698;COMX
0;0;0;38.86;0;0.5;0;0;27.61;0;0;0;0;14.26;0;1.61;0;0;1.1;0;0;11.75;0;0;0;1.61;0;0;2.71;0;0;-7.221;COMX
0;0;0;23.14;0;0;0;0;38.03;0;0;0;0;2.52;0;0;0;0;0;0;0;34.21;0;0;0;0.4;0;0;1.71;0;0;-6.388;COMX
0;0;0;60.16;0;1;0;0;23.32;0;0;0;0;5.41;0;0.9;0;0;0;0;0;7.31;0;0;0;0.3;0;0;1.6;0;0;-7.263;COMX
0;0;0;31.8;0;0;0;0;33.2;0;0;0;0;4.81;0;0.9;0;0;0;0;0;25.48;0;0;0;2.21;0;0;1.6;0;0;-5.82;COMX
0;0;0;25.25;0;0.2;0;0;27.35;0;0;0;0;2.71;0;0;0;0;0;0;0;40.38;0;0;0;1.4;0;0;2.71;0;0;-7.056;COMX
0;0;0;12.4;0;0.9;0;0;25.9;0;0;0;0;40.9;0;6.4;0;0;0;0;0;2.8;0;0;0;6.9;0;0;3.8;0;0;-7.697;COMX
0;0;0;17.95;0;3.65;0;0;23.63;0;0;0.2;0;38.95;0;4.87;0;0;0;0;0;1.93;0;0;0;6.59;0;0;2.23;0;0;-8.023;COMX
0;0;0;14.91;0;1.3;0;0;19.82;0;0;0;0;39.44;0;5.31;0;0;0;0;0;1.8;0;0.4;0;13.11;0;0;3.9;0;0;-8.374;COMX
0;0;0;9.91;0;0.2;0;0;24.92;0;0;0;0;41.24;0;3.8;0;0;0;0;0;3.1;0;0;0;13.01;0;0;3.8;0;0;-7.147;COMX
0;0;0;7.85;0;0.5;0;0;20.44;0;0;0;0;33.74;0;8.56;0;0;0;0;0;0.7;0;0;0;24.57;0;0;3.63;0;0;-7.542;COMX
0;0;0;4.6;0;2.6;0;0;8.21;0;0;0.2;0;35.94;0;5.11;0;0;0;0;0;1.6;0;0;0;38.14;0;0;3.6;0;0;-9.999;COMX
0;0;0;8.6;0;0.2;0;0;11;0;0;0;0;56.2;0;1.3;0;0;0;0;0;1.1;0;0;0;18.1;0;0;3.5;0;0;-9.543;COMX
0;0;0;11.14;0;1.01;0;0;28.98;0;0;0.2;0;36.78;0;7.09;0;0;0;0;0;1.42;0;0;0;10.13;0;0;3.24;0;0;-6.114;COMX
0;0;0;8.79;0;0.7;0;0;10.49;0;0;0;0;28.37;0;4.2;0;0;0;0;0;0.7;0;0;0;42.86;0;0;3.9;0;0;-9.806;COMX
0;0;0;47.45;0;0.51;0;0;29.94;0;0;0;0;5.3;0;2.44;0;0;0;0;0;8.04;0;0;0;5.8;0;0;0.51;0;0;-4.226;COMX
0;0;0;28.26;0;0.21;0;0;40.39;0;0;0;0;9.66;0;2.77;0;0;0;0;0;9.15;0;0;0;8.32;0;0;1.23;0;0;-6.936;COMX
0;0;0;12.86;0;7.24;0;0;17.09;0;0;0;0;26.63;0;3.92;0;0;0;0;0;3.32;0;0;0;22.71;0;0;6.23;0;0;-7.054;COMX
0;0;0;28.6;0;0;0;0;27.8;0;0;0;0;6.1;0;0.6;0;0;0;0;0;32.9;0;0;0;2.2;0;0;1.8;0;0;-6.285;COMX
0;0;0;45.75;0;0.2;0;0;30.53;0;0;0;0;3;0;0;0;0;0.4;0;0;16.52;0;0;0;1.7;0;0;1.9;0;0;-6.297;COMX
0;0;0;34.7;0;0.5;0;0;23.67;0;0;0;0;3.21;0;0.7;0;0;0;0;0;33.1;0;0;0;2.71;0;0;1.4;0;0;-6.31;COMX
0;0;0;3.4;0;2.5;0;0;10.6;0;0;0;0;46.9;0;11.1;0;0;0;0;0;0.5;0;0;0;23.5;0;0;1.5;0;0;-6.032;COMX
0;0;0;3.9;0;1.3;0;0;10.5;0;0;0;0;43.5;0;10.6;0;0;0;0;0;0.5;0;0;0;29.2;0;0;0.5;0;0;-7.068;COMX
0;0;0;3.8;0;3.1;0;0;15.02;0;0;0;0;40.44;0;4.7;0;0;0;0;0;0.2;0;0;0;32.53;0;0;0.2;0;0;-7.046;COST
0;0;0;6.7;0;1;0;0;18.5;0;0;0;0;40.5;0;7.5;0;0;0;0;0;1.3;0;0;0;24.3;0;0;0.2;0;0;-5.047;COMX
0;0;0;10.61;0;1.2;0;0;14.21;0;0;0;0;40.74;0;7.41;0;0;0;0;0;2.4;0;0.2;0;22.32;0;0;0.9;0;0;-5.79;COMX
0;0;0;8.78;0;2.3;0;0;14.47;0;0;0;0;36.63;0;7.98;0;0;0;0;0;2;0;0.2;0;27.45;0;0;0.2;0;0;-5.899;COMX
0;0;0;20.9;0;1.41;0;0;17.39;0;0;0;0;21.61;0;0;0;0;0;0;0;4.92;0;0.2;0;32.86;0;0;0.7;0;0;-7.688;COMX
0;0;0;13.73;0;0.2;0;0;23.95;0;0;0;0;6.71;0;0.7;0;0;0;0;0;53.31;0;0;0;1.2;0;0;0.2;0;0;-5.681;COMX
0;0;0;16.2;0;0;0;0;30.89;0;0;0;0;7.14;0;1.91;0;0;0;0;0;39.03;0;0;0;4.33;0;0;0.5;0;0;-5.119;COMX
0;0;0;12.89;0;0.5;0;0;38.97;0;0;0;0;9.67;0;0.5;0;0;0;0;0;24.37;0;0.2;0;8.96;0;0;3.93;0;0;-4.857;COMX
0;0;0;12.24;0;0.2;0;0;34.3;0;0;0;0;7.02;0;2.51;0;0;0;0;0;38.42;0;0;0;4.21;0;0;1.1;0;0;-4.997;COMX
0;0;0;19.74;0;1.93;0;0;23.19;0;0;0;0;26.65;0;9.46;0;0;0;0;0;5.7;0;0;0;11.09;0;0;2.24;0;0;-4.369;COMX
0;0;0;31.17;0;0.3;0;0;20.48;0;0;0;0;24.18;0;9.49;0;0;0;0;0;0.3;0;0;0;13.79;0;0;0.3;0;0;-6.548;COMX
0;0;0;12.6;0;0.7;0;0;15.7;0;0;0;0;27.1;0;12.1;0;0;0;0;0;0.7;0;0;0;30.4;0;0;0.7;0;0;-6.486;COMX
0;0;0;8.6;0;0.8;0;0;17.1;0;0;0;0;36.4;0;24.7;0;0;0;0;0;3.6;0;0;0;7.7;0;0;1.1;0;0;-3.844;COMX
0;0;0;21.65;0;0.5;0;0;21.65;0;0;0;0;37.56;0;4.63;0;0;0;0;0;6.04;0;0;0;6.34;0;0;1.61;0;0;-7.3;COMX
0;0;0;7.92;0;0.5;0;0;19.86;0;0;0;0;45.74;0;12.64;0;0;0;0;0;0.5;0;0;0;12.64;0;0;0.2;0;0;-7.162;COMX
0;0;0;17.4;0;0;0;0;50.7;0;0;0;0;2.01;0;0.4;0;0;0;0.4;0;25.05;0;0;0;3.12;0;0;0.91;0;0;-6.449;COCO
0;0;0;35.04;0;1.4;0;0;26.93;0;0;0;0;3.6;0;0.5;0;0;0.4;0;0;26.03;0;0.2;0;2.7;0;0;3.2;0;0;-6.237;COMX
0;0;0;36.14;0;2.2;0;0;29.93;0;0;0;0;3.1;0;0.4;0;0;0.4;0;0;25.43;0;0.4;0;1.3;0;0;0.7;0;0;-5.831;COMX
0;0;0;23.02;0;1.21;0;0;22.31;0;0;0;0;6.63;0;1.31;0;0;0;0;0;30.55;0;0.4;0;10.65;0;0;3.92;0;0;-6.441;COMX
0;0;0;20.9;0;0.5;0;0;16.28;0;0;0;0;3.72;0;0.7;0;0;0;0;0;54.17;0;0.5;0;0.9;0;0;2.31;0;0;-6.602;COMX
0;0;0;37.5;0;0.2;0;0;22.18;0;0;0;0;1.71;0;0.2;0;0;0;0;0;33.06;0;0;0;2.72;0;0;2.42;0;0;-6.373;COMX
0;0;0;18.33;0;0.2;0;0;17.82;0;0;0;0;7.55;0;1.91;0;0;0;0;0;47.43;0;0.2;0;4.13;0;0;2.42;0;0;-7.059;COMX
0;0;0;19.96;0;0;0;0;31.25;0;0;0;0;10.99;0;0.2;0;0;0;0;0;34.78;0;0;0;1.11;0;0;1.71;0;0;-6.58;COMX
0;0;0;17.29;0;0.2;0;0;24.52;0;0;0;0;2.14;0;0;0;0;0;0;0;53.71;0;0.71;0;0.71;0;0;0.71;0;0;-6.444;COMX
0;0;0;20.06;0;0;0;0;29.29;0;0;0;0;1;0;0.2;0;0;0;0;0;47.84;0;0.2;0;0.7;0;0;0.7;0;0;-6.421;COMX
0;0;0;18.75;0;0;0;0;36.78;0;0;0;0;5.23;0;0.61;0;0;0;0;0;34.53;0;0.2;0;2.66;0;0;1.23;0;0;-6.124;COMX
0;0;0;23.59;0;0;0;0;43.88;0;0;0;0;2.01;0;0.2;0;0;0;0;0;28.82;0;0;0;1.31;0;0;0.2;0;0;-5.408;COMX
0;0;0;23.72;0;0.2;0;0;36.98;0;0;0;0;2.41;0;0.4;0;0;0;0;0;32.96;0;0;0;2.61;0;0;0.7;0;0;-5.481;COMX
0;0;0;28.34;0;0.2;0;0;26.03;0;0;0;0;1.01;0;1.01;0;0;0;0;0;37.89;0;0;0;4.82;0;0;0.7;0;0;-5.102;COMX
0;0;0;26.07;0;0.83;0;0;36.81;0;0;0;0;5.21;0;5.21;0;0;0;0;0;14.29;0;0;0;10.11;0;0;1.46;0;0;-5.014;COMX
0;0;0;32.93;0;0.6;0;0;30.62;0;0;0;0;7.83;0;1.41;0;0;0;0;0;19.38;0;0;0;5.52;0;0;1.71;0;0;-6.09;COMX
0;0;0;43.54;0;0.4;0;0;29.33;0;0;0;0;4.3;0;0.9;0;0;0;0;0;11.01;0;0;0;7.71;0;0;2.8;0;0;-4.6;COMX
0;0;0;37;0;0.2;0;0;31.1;0;0;0;0;14.1;0;4.1;0;0;0;0;0;4.7;0;0.2;0;7.8;0;0;0.8;0;0;-4.871;COMX
0;0;0;49.39;0;0.51;0;0;23.74;0;0;0;0;5.56;0;2.63;0;0;0;0;0;3.13;0;0;0;14.55;0;0;0.51;0;0;-3.258;COMX
0;0;0;38.98;0;0.8;0;0;31.86;0;0;0;0;4.91;0;5.11;0;0;0;0;0;2.4;0;0;0;14.43;0;0;1.5;0;0;-4.639;COMX
0;0;0;43.74;0;0;0;0;24.72;0;0;0;0;9.51;0;1.8;0;0;0;0;0;3.3;0;0;0;14.51;0;0;2.4;0;0;-4.045;COMX
0;0;0;40.04;0;0.8;0;0;30.73;0;0;0;0;11.31;0;1.7;0;0;0;0;0;1.9;0;0;0;12.01;0;0;1.5;0;0;-3.164;COMX
0;0;0;27.8;0;1.8;0;0;22.8;0;0;0;0;16.9;0;6.6;0;0;0;0;0;0.9;0;0;0;22.5;0;0;0.7;0;0;-3.28;COMX
0;0;0;17.52;0;2;0;0;27.83;0;0;0;0;24.92;0;10.91;0;0;0;0;0;0.2;0;0;0;16.42;0;0;0.2;0;0;-6.102;COMX
0;0;0;30.7;0;0.7;0;0;21.6;0;0;0;0;10.2;0;0.2;0;0;0;0;0;9.7;0;0;0;24.3;0;0;2.6;0;0;-3.339;COMX
0;0;0;43.1;0;1.2;0;0;17.6;0;0;0;0;10.7;0;3.4;0;0;0;0;0;0.5;0;0;0;20.8;0;0;2.7;0;0;-2.16;COMX
0;0;0;10.4;0;1;0;0;29.6;0;0;0;0;17.2;0;9.8;0;0;0;0;0;0.8;0;0;0;29.8;0;0;1.4;0;0;-3.794;COMX
0;0;0;11.01;0;1.1;0;0;25.23;0;0;0;0;22.52;0;6.91;0;0;0;0;0;0.2;0;0;0;31.53;0;0;1.5;0;0;-4.634;COMX
0;0;0;5.89;0;0.9;0;0;17.58;0;0;0;0;22.28;0;8.59;0;0;0;0;0;0.2;0;0;0;43.26;0;0;1.3;0;0;-4.941;COMX
0;0;0;6.41;0;1;0;0;16.62;0;0;0;0;31.33;0;6.11;0;0;0;0;0;0.8;0;0;0;37.14;0;0;0.6;0;0;-5.857;COMX
0;0;0;9.4;0;0;0;0;17;0;0;0;0;23.4;0;7.5;0;0;0;0;0;0.9;0;0;0;41.3;0;0;0.5;0;0;-4.222;COMX
0;0;0;13.4;0;0.2;0;0;20.1;0;0;0;0;17.9;0;5.2;0;0;0;0;0;1.1;0;0.2;0;41.1;0;0;0.8;0;0;-4.26;COMX
0;0;0;11.91;0;0.4;0;0;26.33;0;0;0;0;17.42;0;12.41;0;0;0;0;0;1.1;0;0;0;29.63;0;0;0.8;0;0;-3.302;COMX
0;0;0;5.71;0;0.2;0;0;16.02;0;0;0;0;26.83;0;8.51;0;0;0;0;0;0.8;0;0;0;41.54;0;0;0.4;0;0;-4.291;COMX
0;0;0;7;0;1.3;0;0;12.1;0;0;0;0;32.7;0;7.5;0;0;0;0;0;1.8;0;0;0;36;0;0;1.6;0;0;-6.402;COMX
0;0;0;54.6;0;0.92;0;0;12.99;0;0;0;0;10.63;0;2.35;0;0;0;0;0;1.43;0;0;0;16.36;0;0;0.72;0;0;-3.209;COMX
0;0;0;14.2;0;1.3;0;0;18.5;0;0;0;0;24.3;0;8.1;0;0;0;0;0;1.3;0;0;0;31.3;0;0;1;0;0;-6.533;COMX
0;0;0;76.57;0;0;0;0;11.56;0;0;0;0.32;0.48;0;0;0;0;0;0;0;0.8;0;5.94;0.16;2.57;0;0.16;1.12;0.32;0;1.57;COMX
0;0;0;21.48;0.74;1.11;0;0;30.37;0;0;0.74;0;0;0;0.37;0;0;0;0;0;4.81;0;23.7;0.37;5.19;0;0;0.37;8.89;1.85;1.543;COMX
0;0;0;6.35;0;0;0.4;3.97;43.65;0;0;0;0;0.79;0;3.17;0;0;0;0;0;3.17;0;37.3;0.4;0.4;0;0;0.4;0;0;1.55;COMX
0;0;0;7.78;0;0;0;6.11;23.33;0;0;0.56;0;15;0;3.89;0;0;0;0;0;6.11;0;36.11;0.56;0.56;0;0;0;0;0;1.55;COMX
0;0;0;4.69;0;0.39;0;0;58.59;0;0;0.78;0;7.81;0;0.78;0;0;0;0;0;2.34;0;23.05;0;1.56;0;0;0;0;0;1.55;COMX
0;0;0;3.2;0.18;0.53;0.18;2.31;20.82;0;0;0.18;0;2.67;0;0.18;0;0;0;0;0;7.47;0;60.68;0.18;1.25;0;0;0.18;0;0;2.975;COMX
0;0;0;2.32;0.18;0.18;0.18;0.71;18;0;0;0.36;0;1.07;0;0.36;0;0;0;0;0;5.53;0;68.98;0;1.78;0;0;0.18;0;0.18;2.975;COMX
0;0;0;12.7;0;2.46;0.2;1.23;27.25;0;0;0.82;0;0.61;0;0.2;0;0;0;0;0;0.41;0;50.61;0;3.07;0;0;0.41;0;0;2.975;COMX
0;0;0;5.12;0.16;0.64;0;0.48;10.24;0.32;0;0.8;0;0.16;0;0.32;0;0;0;0;0;1.12;0;78.24;0;2.24;0;0;0;0;0.16;2.975;COMX
0.26;0;0;4.72;0;0.79;0;7.09;41.99;0;0;0.52;0;0.52;0;0;0;0;0;0;0;18.37;0;22.05;0;3.41;0;0;0.26;0;0;1.987;COMX
0;0;0;1.92;0;0.21;0;3.21;14.53;0;0;0.43;0;5.56;0;1.71;0;0;0;0;0;1.71;0;68.38;0;2.14;0;0;0.21;0;0;3.097;COMX
0.5;0;0;0;0;26.37;0;0;15.42;6.47;0;13.93;0;0;17.91;0;0;0;0;0;0;4.98;9.45;0;0;4.98;0;0;0;0;0;-2.128;COMX
0.64;0;0;0;0;15.38;3.85;0;12.18;0.64;0;35.26;0;0;0.64;0;0;0;0;3.21;0;5.13;10.26;0;0;12.82;0;0;0;0;0;-2.098;COCO
0;0;0;0;0;7.19;0.65;0;12.42;5.88;0;31.37;0;3.92;0;0;0;0;0;1.31;0;3.92;3.27;1.96;0;28.1;0;0;0;0;0;-4.565;COCO
0;0;0;0;0;3.16;0.63;0;1.9;1.9;0;79.11;0;1.9;1.58;0;0;0;0;0;0;0.32;0;0.63;0;8.86;0;0;0;0;0;-2.857;HODE
0;0;0;0;0.43;30.11;1.51;0;9.89;0;0;14.19;0;1.51;1.94;0;0;0;0;0;0;3.01;0;30.11;0;7.31;0;0;0;0;0;-2.348;COMX
0;0;0;0;0;25.25;5.9;0;3.28;0;0;10.16;0;4.59;3.61;0;0;0;0;1.15;0;3.77;2.3;6.56;0;33.44;0;0;0;0;0;-2.365;COST
0;0;0;0;0;22.18;3.33;0;0.55;0;0;31.42;0;9.24;0.92;0;0;0;0;0.55;0;1.48;0;22.92;0;7.39;0;0;0;0;0;-2.845;COST
0;0;0;0;2.75;10.31;0.69;0;6.53;0;0;23.37;0;0.34;2.06;0;0;0;0;0.69;0;1.03;0;49.48;0;2.75;0;0;0;0;0;-0.886;COCO
0;0;0;0;0;23.26;22.38;0;1.16;2.62;0;31.98;0;0.87;3.78;0;0;0;0;0.29;0;0.58;0.58;7.27;0;5.23;0;0;0;0;0;0.353;HODE
0;0;0;0;0;14.52;0.66;0;0.66;0;0;75.91;0;0.99;0;0;0;0;0;0;0;0;0;6.6;0;0.66;0;0;0;0;0;-0.171;HODE
0;0;0;0;0;46.3;4.63;0;1.39;0.46;0;14.81;0;0.93;0;0;0;0;0;4.17;0;0;0;1.85;0;25.46;0;0;0;0;0;-0.3;COST
0;0;0;0;0;16.03;0.2;0;1.6;1.2;0;24.05;0;1.4;34.07;0;0;0;0;0;0;0.2;0;20.64;0;0.6;0;0;0;0;0;-0.451;HODE
0;0;0;0;0.51;40.61;1.02;0;0;0;0;20.3;0;10.15;10.15;0;0;0;0;0;0;0;0;2.03;0;15.23;0;0;0;0;0;-1.315;WAST
0;0;0;0;0.43;4.78;0.43;0;3.48;0.87;0;63.91;0;1.74;1.74;0;0;0;0;0;0;1.3;2.61;5.22;0;13.48;0;0;0;0;0;-0.317;HODE
0;0;0;0;0;6.74;1.87;0;4.12;2.25;0;2.62;0;5.24;0.37;0;0;0;0;15.73;0;2.25;31.46;8.24;0;19.1;0;0;0;0;0;-2.405;COCO
0;0;0;0;0;2.21;2.21;0;2.21;2.21;0;4.41;0;2.21;0;0;0;0;0;2.94;0;5.15;36.76;9.56;0;30.15;0;0;0;0;0;-2.402;COCO
0;0;0;0;0;1.26;3.36;0;8.4;2.52;0;3.78;0;11.34;0;0;0;0;0;5.46;0;6.3;20.17;27.73;0;9.66;0;0;0;0;0;-2.43;COCO
0;0;0;0;1.06;7.94;2.12;0;8.47;2.65;0;3.17;0;0;0;1.06;0;0;0;21.16;0;2.12;21.69;15.34;0;13.23;0;0;0;0;0;-2.149;COCO
0;0;0;0;0;16.22;0;0;0;0;0;2.7;0;0;0;0;0;0;0;10.81;0;0;35.14;21.62;0;13.51;0;0;0;0;0;-2.163;COCO
0;0;0;0;0;4.92;3.28;0;16.39;12.3;0;1.64;0;0.82;0;0.82;0;0;0;6.56;0;3.28;20.49;14.75;0;14.75;0;0;0;0;0;-0.738;COCO
0;0;0;0;0;3.29;5.26;0;5.92;4.61;0;3.29;0;5.26;0;0;0;0;0;7.24;0;3.95;15.79;26.32;0;19.08;0;0;0;0;0;-1.333;COCO
0;0;0;0;2.08;18.75;0;0;20.83;0;0;0;0;4.17;0;0;0;0;0;29.17;0;0;0;14.58;0;10.42;0;0;0;0;0;-1.261;COCO
0;0;0;0;0;59.36;2.28;0;1.37;0;0;4.57;0;4.57;1.83;0.91;0;0;0;5.02;0;0.46;5.02;0.91;0;13.7;0;0;0;0;0;-2.253;COST
0;0;0;0;0;5.65;7.26;0;1.21;0;0;11.69;0;3.63;31.85;0;0;0;0;4.84;0;0.4;20.16;12.5;0;0;0;0;0.81;0;0;-2.148;COCO
0;0;0;0;0.17;32.7;19.28;0;0.52;2.24;0;24.1;0;1.2;0.86;0;0;0;0;0.52;0;0;10.15;7.06;0;1.2;0;0;0;0;0;-2.249;COST
0;0;0;0;0.35;32.75;5.92;0;8.36;0;0;4.53;0;1.74;0.7;0;0;0;0;0.7;0;0;17.42;3.83;0;23.69;0;0;0;0;0;-1.101;COST
0;0;0;0;5.13;17.95;2.56;0;2.56;1.28;0;3.85;0;0;0;0;0;0;0;26.92;0;0;16.67;0;0;23.08;0;0;0;0;0;-0.918;COCO
0;0;0;0;0;40;11.71;0;6.34;10.73;0;13.17;0;0.49;0.98;0;0;0;0;0.98;0;0;2.44;10.73;0;2.44;0;0;0;0;0;-0.702;COST
0;0;0;0;1.37;19.18;1.37;0;2.74;18.49;0;4.79;0;0.68;3.42;0;0;0;0;0.68;0;0;35.62;0.68;0;10.96;0;0;0;0;0;-0.903;COCO
0;0;0;0;2.65;12.39;0;0;3.54;0;0;0;0;11.5;2.65;0;0;0;0;0;0;0;21.24;7.96;0;38.05;0;0;0;0;0;-0.949;COMX
0;0;0;0;0;59.57;1.81;0;1.81;0;0;20.4;0;3.61;0;0;0;0;0;0;0;0;1.99;3.61;0;7.22;0;0;0;0;0;-0.159;COST
0;0;0;0;2.48;32.43;0.99;0;2.48;1.98;0;10.4;0;4.95;0.25;0;0;0;0;0;0;0;1.73;1.49;0;40.84;0;0;0;0;0;-0.124;WAST
0;0;0;0;0;46.77;0;0;12.9;0;0;19.35;0;0;0;0;0;0;0;0;0;0;0;4.84;0;16.13;0;0;0;0;0;-0.298;COST
0;0;0;0;0;36.96;2.72;0;3.11;19.46;0;2.72;0;10.89;0;0;0;0;0;0;0;0;9.34;0;0;14.79;0;0;0;0;0;-0.255;WAST
0;0;0;0;0;51.69;0.56;0;0.56;14.04;0;16.29;0;0;0.56;0;0;0;0;2.25;0;0.56;6.18;3.37;0;3.93;0;0;0;0;0;1.036;COST
0;0;0;0;0;24.22;3.13;0;14.06;9.38;0;28.13;0;1.56;2.34;0;0;0;0;0;0;0;4.69;1.56;0;10.94;0;0;0;0;0;0.89;HODE
0;0;0;0;0;16.36;0.37;0;4.09;1.12;0;68.03;0;0.74;1.49;0;0;0;0;0;0;0;3.35;0;0;4.46;0;0;0;0;0;0.544;HODE
0;0;0;0;0.36;33.21;12.64;0;3.25;11.19;0;6.86;0;0.36;1.08;0;0;0;0;0;0;0;22.38;7.94;0;0.72;0;0;0;0;0;-0.689;COST
0;0;0;0;0;31.79;0;0;6.62;0;0;43.05;0;1.99;0.66;0;0;0;0;0;0;0;13.25;1.32;0;1.32;0;0;0;0;0;-0.647;HODE
0;0;0;0.61;0.3;34.15;3.66;0;32.93;0;0;7.32;0;1.22;0.61;0.3;0;0;0;0;0;3.05;0;7.32;0;7.32;0;0;0.61;0;0.61;-2.448;COMX
0.45;0;0;2.69;0;2.69;1.79;0;5.83;0;0;1.35;0.45;1.35;0;3.14;0;0;0;0.9;0;30.04;0;47.98;0;0.9;0;0;0.45;0;0;-2.19;COCO
0;0;0;0;0;21.85;1.68;0;5.88;0;0;4.62;0;15.13;0;0;0;0;0;2.94;0;0.42;0;31.93;0;15.13;0;0;0.42;0;0;-2.033;COCO
0;0;0;0;0;21.94;1.29;0;1.29;0.65;0;23.23;0;7.74;0.65;0;0;0;0;12.9;0;5.16;0;21.94;0;2.58;0;0;0.65;0;0;-2.025;COCO
0;0;0;0;0.22;20.55;2.62;0;1.75;0.22;0;2.19;0;24.92;0.87;0;0;0;0;4.37;0;0.17;0;23.17;0;17.93;0;0;0.87;0;0.13;-1.613;COST
0;0;0;0;0;29.83;1.36;0;4.41;0;0;3.39;0;18.31;0.34;0.68;0;0;0;2.03;0;0;0;32.88;0;6.78;0;0;0;0;0;-1.899;COST
0;0;0;0;0.28;47.06;7.28;0;2.24;0;0;6.72;0;2.8;0.56;0;0;0;0;2.8;0;0;0;16.25;0;13.45;0;0;0.56;0;0;-1.604;COST
0;0;0;0;0;34.92;3.63;0;0.68;0;0;28.12;0;9.52;0.23;0;0;0;0;2.49;0;0.23;0;12.24;0;7.71;0;0;0.23;0;0;-1.878;COST
0.25;0;0;0;0;27.93;1;0;2.49;0.25;0;2.99;0;29.93;1.5;0;0;0;0;2;0;0.25;0;25.44;0;5.99;0;0;0;0;0;-1.832;COST
0;0;0;0;0;26.92;2.2;0;0.22;0;0;1.65;0;45.6;4.4;0;0;0;0;2.2;0;0;0;3.3;0;13.19;0;0;0.33;0;0;-1.801;COST
0;0;0;0;0;22.65;0.96;0;0.24;0.48;0;3.86;0;51.57;2.41;0;0;0;0;2.89;0;0.72;0;7.23;0;6.02;0;0;0.96;0;0;-1.794;COST
0;0;0;0;0;49.2;0.32;0;1.28;0;0;3.83;0;10.86;3.83;0;0;0;0;0;0;0;0;5.75;0;24.92;0;0;0;0;0;-2.381;WAST
0;0;0;0;0.37;21.48;0.74;0;0.74;0.74;0;8.89;0;26.67;4.44;0;0;0;0;1.48;0;0;0;12.96;0;21.48;0;0;0;0;0;-1.648;WAST
0;0;0;0;0;25;2.17;0;0;6.52;0;2.17;0;30.43;3.26;0;0;0;0;6.79;0;0;0;4.08;0;19.57;0;0;0;0;0;-1.389;WAST
0;0;0;0;0.29;12.87;2.92;0;0.58;0;0;5.26;0;51.46;0.29;0;0;0;0;2.05;0;0.29;0;9.36;0;14.62;0;0;0;0;0;-1.936;COST
0;0;0;0.28;0;65.56;1.11;0;0.83;0;0;8.33;0;10.56;1.11;0;0;0;0;0;0;0.11;0;7.22;0;4.44;0;0;0.44;0;0;-0.823;WAST
0;0;0;0;0;52.82;6.34;0;0.14;0.35;0;25.35;0;6.34;0.35;0;0;0;0;0;0;0.07;0;1.83;0;6.34;0;0;0.07;0;0;-1.31;WAST
0;0;0;0.44;0;77.43;3.1;0;0.88;1.77;0;4.42;0;3.54;1.77;0;0;0;0;0;0;0;0;1.33;0;4.87;0;0;0.44;0;0;0.014;WAST
0;0;0;0;0;39.49;0.14;0;0.45;0;0;46.75;0.09;0.91;0.91;0;0;0;0;0.09;0;0.18;0;9.17;0.91;0.91;0;0;0;0;0;-0.555;WAST
0;0;0;0.83;0;31.4;0.83;0;4.96;0.83;0;36.36;0;0.83;0;0;0;0;0;1.65;0;0.83;0;9.92;4.13;7.44;0;0;0;0;0;-0.865;COST
0;0;0;0;0;15.85;2.44;0;1.83;0;0;5.49;0;3.66;0.61;0;0;0;0;0;0;0;0;3.66;0;10.98;0;0;55.49;0;0;-0.792;WAST
0.13;0;0;0.4;0;35;4;0;0.57;0.5;0;33;0.2;8;2;0;0;0;0;0.2;0;0.45;0;4.42;0;11;0;0;0.13;0;0;-0.974;WAST
0;0;0;2.85;2.03;2.03;0;0;19.51;0;0;1.22;2.85;2.03;0;0;0;0;0;0;0;14.23;0;48.78;0;2.03;0;0;0;1.22;1.22;4.046;COMX
0;0;0;0.31;0.93;63.78;1.86;0;3.41;0;0;22.91;0;0.31;0.31;0;0;0;0;0;0;0;0;0.62;0.31;4.95;0;0;0;0;0.31;3.937;COST
0;0;0;0.4;0.4;31.87;5.98;0;1.59;1.99;0;37.45;0;0;0;0;0;0;0;0;0;0;0;1.2;0;18.33;0;0;0;0.4;0.4;4.194;WAST
0;0;0;2.29;0;38.99;1.38;0;0.46;0.92;0.92;47.25;0.46;0;0.92;0;0;0;0;0;0;0;0;1.38;0;5.05;0;0;0;0;0;8.891;WAST
0;0;0;0.51;0;20.3;2.03;0;0.51;0;0;70.05;0;0;1.02;0;0;0;0;0;0;0;0;0.51;0;5.08;0;0;0;0;0;9.27;HODE
0;0;0;0;0;40.52;3.92;0;3.27;0.65;0;43.79;0;0.65;1.31;0;0;0;0;0;0;0;0;1.96;0;3.92;0;0;0;0;0;8.33;WAST
0;0;0;0;0;12.43;10.27;0;0.54;0;0;53.51;0;0;0;0;0;0;0;0;0;0;0;2.16;0;21.08;0;0;0;0;0;9.489;WAST
0;0;0;0;0;3.94;0.91;0;0.61;0;0;90.61;0;0.61;0.3;0;0;0;0;0;0;0;0;0.3;0;2.12;0;0;0;0;0.61;5.203;HODE
0;0;0;0;0;20.72;0.66;0;0.33;0;0;74.34;0;0.66;1.97;0;0;0;0;0;0;0;0;0.33;0;0.99;0;0;0;0;0;5.349;HODE
0;0;0;0;0;43.69;1.35;0;1.35;0;0;39.64;0;0;5.86;0;0;0;0;0;0;0;0;6.76;0;1.35;0;0;0;0;0;3.601;HODE
0.24;0;0;0;1.95;44.63;0.24;0;1.22;0;0;37.32;0;0;0.24;0;0;0;0;0;0;0;0;0;0.49;13.17;0;0;0;0.24;0.24;2.757;WAST
0.34;0;0;0;0;28.42;3.08;0;1.37;0;0;60.62;0;0;0.34;0;0;0;0;0;0;0;0;0.34;0;5.14;0;0;0;0;0.34;3.006;HODE
2.05;0;0;0;1.75;42.69;1.75;0;1.46;0;0;39.47;0;0;6.43;0;0;0;0;0;0;0.29;0;2.34;0;1.75;0;0;0;0;0;3.539;HODE
0;0;0;0;0;31.6;0.43;0;0;0;0;65.8;0;0;0.87;0;0;0;0;0;0;0;0;0.43;0;0.87;0;0;0;0;0;8.465;HODE
0;0;0;0;0;42.64;0.51;0;0;1.02;0;46.7;0;0;0;0;0;0;0;0;0;0;0;0;1.02;8.12;0;0;0;0;0;8.791;WAST
0;0;0;0;0.7;11.97;9.15;0;0;0.7;0;10.56;0;0;46.48;0;0;0;0;0;0;12.32;0;0;0;8.1;0;0;0;0;0;5.099;HODE
0;0;0;0;0;32.41;0.93;0;0;0;0;42.59;0;0;9.26;0;0;0;0;0;0;4.63;0;0;0;4.63;0;0;5.56;0;0;4.34;HODE
28.3;0;0;0;0.94;3.3;0.94;0;5.19;0;0;6.6;0;0.47;0;0;0;0;0;24.06;0;4.72;0;18.87;0;5.19;0;0;1.42;0;0;0.83;COCO
0.44;0;0;0.44;0;16.37;9.29;0;27.43;2.21;0;9.29;0;3.1;0;0;0;0;0;0;0;0;0;10.18;0;21.24;0;0;0;0;0;1.815;COMX
0;0;0;0;0;47.77;4.12;0;19.24;2.06;0;18.9;0;2.06;1.03;0;0;0;0;0;0;0;0;1.37;0;3.09;0;0;0.34;0;0;1.424;COST
0;0;0;0.29;0;27.03;5.23;0;31.1;0;0;6.4;0;2.62;0.58;0;0;0;0;0;0;0.29;0;11.05;0;13.66;0;0;1.74;0;0;2.259;COMX
0;0;0;0.3;0;32.42;3.64;0;19.7;0;0;8.48;0;0.61;0;0;0;0;0;0;0;0.3;0;26.36;0;7.88;0;0;0.3;0;0;4.986;COMX
0;0;0;0;0;7.62;2.86;0;10.48;0;0;2.86;0;0;0.48;0;0;0;1.43;0;0;0;0;71.43;0;2.86;0;0;0;0;0;4.149;COMX
0;0;0;0.39;0.39;13.18;7.36;0;12.79;0.39;0;1.16;0;0.39;0.39;0;0;0;0;0;0;0;0;63.18;0;0.39;0;0;0;0;0;4.152;COMX
0;0;0;0.43;0.43;42.92;5.15;0;14.16;0;0;11.16;0;1.72;0.86;0;0;0;0;0;0;0;0;10.73;0;12.02;0;0;0.43;0;0;3.653;COST
0;0;0;0;1.09;23.27;8.36;0;29.45;0.73;0;20.73;0;0.36;0;0;0;0;0;0;0;0;0;14.55;0;1.09;0;0;0.36;0;0;1.245;COMX
0;0;0;0;0;42.9;4.83;0;19.03;1.61;0;18.77;0;0;0.8;0;0;0;0;0;0;0;0;6.7;0;3.22;0;0;2.14;0;0;1.714;COST
0;0;0;0;0;31.58;9.91;0;18.89;0.93;0;12.38;0;2.17;0.93;0;0;0;0;0;0;0;0;9.6;0;12.38;0;0;1.24;0;0;2.017;COST
0;0;0;0.42;2.12;23.31;3.81;0;21.61;0;0;21.19;0;0;0;0;0;0;0;0;0;0;0;13.14;0.42;13.98;0;0;0;0;0;2.163;COMX
0;0;0;0;1.05;28.95;5.79;0;2.63;3.16;0;40;0;0;0.53;0;0;0;0;0;0;0;0;10.53;3.68;3.68;0;0;0;0;0;1.433;WAST
0;0;0;0.97;0;29.95;9.66;0;17.39;0.48;0;11.11;0;2.42;0.48;0;0;0;0;0;0;0;0;2.42;0;25.12;0;0;0;0;0;3.123;COST
0;0;0;0;0;58.12;5.76;0;10.47;0;0;19.37;0;0;0;0;0;0;0;0;0;0;0;1.05;0;4.71;0;0;0.52;0;0;3.877;COST
0.35;0;0;1.05;0;38.11;0.7;0;19.93;0.7;0;20.63;0.35;1.4;0.35;0;0;0;0;0;0;0;0;6.29;0.7;9.09;0;0;0.35;0;0;3.86;COMX
0;0;0;0.37;0;28.21;3.3;0;2.2;0;0;25.27;0;0;0;0;0;0;0;0;0;0;0;2.2;0;38.46;0;0;0;0;0;3.595;WAST
0;0;0;0;1.8;62.61;1.8;0;4.5;0.45;0;5.86;0;0.45;0;0;0;0;0;0;0;0;0;0;0;22.52;0;0;0;0;0;3.939;WAST
0;0;0;0.3;0;21.39;12.05;0;1.51;0.3;0;51.51;0;0.6;0.6;0;0;0;0;0;0;0;0;0.3;0;11.14;0;0;0.3;0;0;4.373;WAST
0;0;0;0;0.36;55.27;5.09;0;9.09;0;0;13.45;0;0;1.82;0;0;0;0;0;0;0;0;7.27;0;7.27;0;0;0.36;0;0;3.434;COST
0;0;0;0;0;55.56;6.25;0;3.47;0;0;30.56;0;0;0;0;0;0;0;0;0;0;0;1.39;0;2.78;0;0;0;0;0;4.248;COST
0;0;0;0;0;29.09;2.73;0;9.09;0.91;0;11.36;0;0.91;0;0;0;0;0;0;0;0;0;2.27;0;43.64;0;0;0;0;0;2.273;COST
0;0;0;0;0.42;45;0.83;0;2.5;0;0;38.33;0;0;0.83;0;0;0;0;0;0;0;0;0.42;0;9.17;0;0;2.08;0.42;0;5.342;COST
0;0;0;0;0;35.43;1.79;0;4.48;0;0;18.83;0;0;3.59;0;0;0;0;0;0;0;0;1.79;0;33.18;0;0;0.9;0;0;2.855;HODE
0;0;0;0.81;2.02;52.63;3.64;0;2.02;0.4;0;17.41;0;0;0;0;0;0;0;0;0;0;0;0.81;0;19.43;0;0;0;0.81;0;6.143;WAST
0;0;0;0;0.96;62.06;0.96;0;0.64;0;0;33.12;0;0;0;0;0;0;0;0;0;0;0;0;0;1.93;0;0;0;0.32;0;4.304;WAST
0;0;0;0.47;0.47;62.91;2.82;0;3.29;0;0;23;0;0;1.88;0;0;0;0;0;0;0;0;0.47;0;4.69;0;0;0;0;0;3.921;COST
0;0;0;0.32;0;52.38;0.95;0;2.86;0;0;37.46;0;0;0.95;0;0;0;0;0;0;0;0;3.17;0;1.9;0;0;0;0;0;3.991;COST
0;0;0;0;1.06;22.54;3.17;0;4.58;1.06;0;63.73;0;0;0.7;0;0;0;0;0;0;0;0;1.06;0;2.11;0;0;0;0;0;4.267;HODE
0.37;0;0;0;0;67.04;1.85;0;1.85;0;0;25.19;0;0;0.74;0;0;0;0;0;0;0;0;0.74;0;2.22;0;0;0;0;0;3.289;WAST
0;0;0;0;0;13.57;0.45;0;0.9;0.45;0;77.38;0;0;0.45;0;0;0;0;0;0;0;0;0.9;0;4.98;0;0.45;0;0.45;0;6.009;HODE
0;0;0;0;0;54.35;0.54;0;1.09;0;0;41.3;0;0;0.54;0;0;0;0;0;0;0;0;1.63;0;0.54;0;0;0;0;0;5.338;WAST
0;0;0;0;0;78.4;0.31;0;1.23;0;0;16.98;0;0;1.85;0;0;0;0;0;0;0;0;1.23;0;0;0;0;0;0;0;6.214;WAST
0;0;0;0.48;0;90.91;1.91;0;0.48;0;0;6.22;0;0;0;0;0;0;0;0;0;0;0;0;0;0;0;0;0;0;0;7.815;WAST
0;0;0;0.49;0;58.25;0.49;0;1.46;0.49;0;22.33;0;0;0.49;0;0;0;0;0;0;0;0;0.97;0;15.05;0;0;0;0;0;5.593;WAST
0;0;0;0;0;74.07;0.74;0;5.19;0;0;18.52;0;0;0;0;0;0;0;0;0;0;0;0.74;0;0.74;0;0;0;0;0;5.995;COST
0;0;0;0;0;43.93;1.97;0;0.98;0;0;51.8;0;0;0.33;0;0;0;0;0;0;0;0;0.33;0;0.66;0;0;0;0;0;8.767;HODE
0;0;0;0;0;63.12;1.04;0;1.3;0.26;0;31.43;0;0;1.04;0;0;0;0;0;0;0;0;0.78;0;1.04;0;0;0;0;0;3.812;WAST
0;0;0;0;0;51.13;0.75;0;1.5;0;0;45.11;0;0;1.5;0;0;0;0;0;0;0;0;0;0;0;0;0;0;0;0;4.575;HODE
0;0;0;0.38;0;56.71;2.3;0;0.38;0;0;37.55;0;0;0;0;0;0;0;0;0;0;0;0.77;0;1.92;0;0;0;0;0;6.81;WAST
0;0;0;0.46;0;88.53;0;0;0.46;0;0;7.8;0;0;2.75;0;0;0;0;0;0;0;0;0;0;0;0;0;0;0;0;12.054;WAST
0;0;0;0;0.91;65.3;0;0;0.91;0.91;0;29.22;0;0;0.46;0;0;0;0;0;0;0;0;1.37;0;0.91;0;0;0;0;0;2.456;WAST
0;0;0;0.46;0;24.88;0.46;0;0;0.46;0;68.66;0;0.46;0.46;0;0;0;0;0;0;0;0;0;0;4.15;0;0;0;0;0;5.397;HODE
0;0;0;0;0;5.99;0.6;0;0.6;0;0;91.02;0;0.6;0;0;0;0;0;0;0;0;0;0.6;0;0.6;0;0;0;0;0;9.334;HODE
0;0;0;0;0;8.81;0.44;0;0;0.44;0;87.67;0;0.44;0;0;0;0;0;0;0;0;0;0;0;0.44;0;0;1.76;0;0;9.295;HODE
0;0;0;1.89;1.89;20.75;5.66;0;1.89;0;0;60.38;0;0;0;0;0;0;0;0;0;0;0;1.89;0;5.66;0;0;0;0;0;8.63;WAST
0.37;0;0;0.37;1.11;82.66;3.32;0;0;0.37;0;9.23;0;0;1.11;0;0;0;0;0;0;0;0;0.37;0;1.11;0;0;0;0;0;10.115;WAST
0;0.4;0;0;2.42;48.79;10.48;0;0.81;0;0;27.82;0;2.42;1.21;0;0;0;0;0;0;0;0;0;3.23;2.42;0;0;0;0;0;9.031;WAST
0;0;0;0;0;78.87;7.39;0;0;1.06;0;8.45;0;0.35;0.35;0;0;0;0;0;0;0;0;0.35;0;3.17;0;0;0;0;0;6.366;WAST
0;0;0;0;0.46;13.7;15.98;0;0;1.37;0;65.3;0;0;0.46;0;0;0;0;0;0;0.46;0;0;0;2.28;0;0;0;0;0;6.879;HODE
30.5;0;0;0;0;6.38;21.28;0;2.13;2.13;0;2.13;0;0;6.38;0;0;0;0;5.67;0;1.42;0;17.73;0;2.84;0;0;1.42;0;0;-0.275;COCO
5.78;0;0;0;0.36;1.81;8.3;0;10.83;0;0;9.03;0;0;0.36;0;0;0;0;42.96;0;2.89;0;10.11;0;7.22;0;0;0.36;0;0;-0.216;COCO
0;0;0;0;0.38;32.2;12.5;0;0.38;0.76;0;29.17;0;0.38;15.53;0.38;0;0;0;0;0;7.58;0;0;0;0.76;0;0;0;0;0;4.804;HODE
0.35;0;0;0;0;32.06;18.12;0;0.35;0;0;48.08;0;0;0;0;0;0;0;0;0;0;0;0;0;1.05;0;0;0;0;0;2.833;HODE
0;0;0;0;0.25;28.86;0.51;0;42.53;0.25;0;13.16;0;0.25;0;0;0;0;0;0;0;0;0;8.1;3.04;2.53;0;0;0.51;0;0;3.496;COMX
0;0;0;0;0.4;6.85;0.81;0;56.45;0;0;2.02;0;0.81;0;0;0;0;0;0;0;0;0.4;30.24;0;0.4;0;0;1.61;0;0;2.745;COMX
0;0;0;0.71;0;11.66;1.06;0;34.98;0;0;4.24;0;0;0;0;0;0;0;0;0;0;0;47;0;0;0;0;0.35;0;0;4.57;COMX
0;0;0;0;0.7;7.67;1.39;0;46.69;0;0;1.74;0;2.79;0;0;0;0;0;0;0;0;0;37.63;0;1.39;0;0;0;0;0;4.549;COMX
0;0;0;0.52;0.52;33.25;0.26;0;9.42;0;0;6.54;0;1.57;0;0;0;0;0;0;0;0;0;42.15;0;5.5;0;0;0.26;0;0;3.534;COMX
0;0;0;0;0;21.14;0.67;0;13.42;0;0;4.36;0;4.7;0;0;0;0;0;0;0;0;0;34.56;0;2.01;0;0;19.13;0;0;3.537;COMX
0;0;0;0;0.69;15.81;3.09;0;14.09;0;0;4.12;0;0.69;0;0;0;0;0;0;0;0;0;56.36;1.03;3.44;0;0.34;0.34;0;0;3.568;COMX
0;0;0;0;0;13.42;2.39;0;28.53;0;0;4.77;0;2.39;0;0;0;0;0;0;0;0.2;0;12.72;0;33.6;0;0;1.89;0.1;0;3.739;COMX
0;0;0;0.44;0;11.76;2.79;0;64.71;0.15;0;8.53;0;0;0;0;0;0;0;0;0;0.15;0;8.97;0;2.35;0;0;0.15;0;0;3.972;COMX
0;0;64.88;0;0;1.34;0;10.03;1;0;0;0;0;2.68;0;4.35;0;0;0;5.02;0;0;6.02;0.33;0;4.35;0;0;0;0;0;-12.389;TUND
0;0;0;7.22;0;0;0;0;1.11;4.44;0;0;0;0;0;51.67;0;0;0;0.56;0;0;33.89;0;0;1.11;0;0;0;0;0;-10.307;COCO
0;0;0;4.08;0;0;0.51;0;4.08;0;0;0;0;0;0;7.14;0;0;0;33.67;0;0;50;0.51;0;0;0;0;0;0;0;-7.711;COCO
0;0;0;7.24;0;0;0;0;7.24;0;0;0;0;0.66;0;9.87;0;0;0;0;0;0;73.68;0;0;1.32;0;0;0;0;0;-10.025;COMX
0;0;0;4.15;0;0.3;0;0;2.08;0;0;0;0;0.3;0;25.22;0;0;0;0;0;0;67.66;0;0;0.3;0;0;0;0;0;-10.824;COMX
0;0;0;5;0;0;1.25;0;0;0;0;0;0;0;0;0;0;0;0;1.25;0;0;92.5;0;0;0;0;0;0;0;0;-12.924;COCO
0;0;0;16.9;0;2.28;0;0;8.68;0;0;0;0;3.2;0;2.28;0;0;0;8.22;0;0;52.51;0;0;5.94;0;0;0;0;0;-11.296;COCO
0;0;0;6.19;0;0;0;0;4.12;1.03;0;0;0;4.12;0;10.31;0;0;0;14.43;0;0;47.42;0;0;9.28;0;0;3.09;0;0;-10.56;COCO
0;0;0;4.24;0;0;0.61;0;4.85;2.42;0;0.61;0;2.42;0;14.55;0;0;0;0;0;0;61.21;0;0;7.88;0;0;1.21;0;0;-10.134;COMX
0;0;0;17.14;0;0;0;0;9.52;0.95;0;0;0;3.81;0;5.71;0;0;0.95;0;0;0;53.33;0.95;0;7.62;0;0;0;0;0;-10.134;COMX
0;0;0;8.15;0;0;0;0;8.89;0;0;0;0;0;0;0;0;0;0;4.44;0;0;78.52;0;0;0;0;0;0;0;0;-8.145;COCO
0;0;0;26.4;0;0;0;0;21.2;0;0;0;0;0.8;0;2.8;0;0;0;2;0;0;42.8;0;0;4;0;0;0;0;0;-8.872;COCO
0;0;0;14.86;0;0;0;0;18.92;0.68;0;0;0;6.76;0;11.49;0;0;0;0;0;0;43.92;2.03;0;0;0;0;1.35;0;0;-10.614;COMX
0;0;0;20.83;0;0;0;0;14.58;0;0;0;0;4.17;0;22.92;0;0;0;6.25;0;0;25;0;0;2.08;0;0;4.17;0;0;-8.872;COCO
0;0;0;3.7;0;0;0;0;11.11;0;0;0;0;48.89;0;22.22;0;0;0;5.93;0;0;5.19;0;0;2.96;0;0;0;0;0;-12.458;COCO
0;0;0;16.3;0;0;0;0;18.52;0;0;0;0;31.85;0;15.56;0;0;0;5.19;0;0;5.93;0;0;6.67;0;0;0;0;0;-11.296;COCO
0;0;0;7.05;0;12.18;0;0;8.33;0;0;1.28;0;1.92;0;2.56;0;0;0;15.38;0;0;44.87;0;0;5.13;0;0;1.28;0;0;-10.582;COCO
0;0;0;0;0;3.92;0;0;1.96;3.27;0;0;0;1.31;0;0.65;0;0;0;0.65;0;0;83.66;0;0;3.27;0;0;1.31;0;0;-11.235;COCO
0;0;0;0.94;0;0.94;0;0;2.83;0.94;0;0;0;0;0;1.89;0;0;0;6.6;0;0;84.91;0;0;0.94;0;0;0;0;0;-10.025;COCO
0;0;0;0.51;0;0;0.26;0;14.65;0;0;0;0;0;0;5.14;0;0;0;0.26;0;0;77.89;0;0;1.29;0;0;0;0;0;-9.389;COCO
0;0;0;10.48;0;0;0;0;43.81;2.86;0;0.95;0;3.81;0;30.48;0;0;0;0;0;0;5.71;0;0;1.9;0;0;0;0;0;-13.877;COMX
0;0;0;6.62;0;0;0.74;0;5.88;2.21;0;0;0;4.41;0;54.41;0;0;0;0;0;0;24.26;0;0;0.74;0;0;0.74;0;0;-13.877;COMX
0;0;0;3.03;0;0;0;0;3.03;0;0;0;0;3.03;0;78.79;0;0;0;0;0;0;10.61;0;0;1.52;0;0;0;0;0;-13.816;COMX
0;0;0;6;0;0;0;0;6;0;0;0;0;8;0;60;0;0;0;0;0;0;12;0;0;8;0;0;0;0;0;-13.816;COMX
0;0;0;0;0;0;60.53;0;0;1.32;0;0;0;2.63;0;32.89;0;0;0;0;0;0;0;0;0;2.63;0;0;0;0;0;-13.64;WAST
0;0;0;0;0;0;62.96;0;0;0;0;0;0;7.41;0;7.41;0;0;0;0;0;0;14.81;0;0;7.41;0;0;0;0;0;-13.64;COST
0;0;8.42;0;0.5;0.99;0.5;5.45;4.46;0;0;0;0;1.49;0;2.97;0;0;0;0;0;41.58;0;30.69;0;0.99;0;0;1.98;0;0;-7.236;COMX
0;0;4.28;0.53;0.27;4.81;0;3.48;0;0;0;1.6;0;1.34;0;0.27;0;0;0;0;0;15.24;0.8;47.06;0;9.36;0;0;10.96;0;0;-7.046;COMX
0;0;0.53;0;0;7.37;0;2.11;0;0;0;0.53;0;3.16;0;0.53;0;0;0;0;0;27.89;0;55.79;0;2.11;0;0;0;0;0;-7.046;COMX
0;0;0;0;0;0.65;0;0;34.74;0;0;0.32;0;0;0;10.06;0;0;0;12.01;0;2.6;0;37.34;0;2.27;0;0;0;0;0;-7.415;COCO
0;0;1.6;0;0;2.56;3.21;0;11.22;0.32;0;0.32;0;4.81;0;0;0;0;0;13.46;0;3.53;0;52.88;0;4.49;0;0;1.6;0;0;-7.565;COCO
0;0;39.95;3.66;0.26;1.31;0;0;27.42;0;0;0;0;2.09;0;5.22;0;0;0;1.83;0;0;6.27;7.31;0;2.87;0;0;1.83;0;0;-7.565;COCO
0;0;0;0;0.3;0.9;1.2;0;69.67;0;0;0;0;0.6;0;0.9;0;0;0;9.61;0;0.9;0;14.71;0;1.2;0;0;0;0;0;-7.334;COCO
0;0;0;0;0;0.66;0.82;0;1.97;0;0;0;0;0;0;1.31;0;0;0;0;0;0;0;94.43;0;0.82;0;0;0;0;0;-7.61;TEDE
0;0;0;1.2;0;0.6;0;0;1.8;0;0;0.6;0;0;0;0;0;0;0;1.2;0;0;0;92.81;0;1.8;0;0;0;0;0;-7.61;COCO
0;0;0;0;0;14.22;0.43;0;1.72;0;0;0.22;0;0;0;0;0;0;0;0;0;0;0;78.23;0;5.17;0;0;0;0;0;-7.61;TEDE
0;0;0;0;0.26;1.05;6.54;0;31.41;0;0;0.52;0;0;0;0;0;0;0;6.28;0;3.14;0;37.7;0;13.09;0;0;0;0;0;-7.415;COCO
0;0;0;0;0;1.23;0.25;0;95.58;0;0;2.7;0;0;0;0;0;0;0;0;0;0;0;0;0;0.25;0;0;0;0;0;-7.466;COMX
0;0;0;0;0;0;0.25;0;2.21;0.98;0;0;0;2.21;0;0.98;0;0;0;0;0;8.82;0;62.5;0;21.32;0;0;0.74;0;0;-7.61;COMX
0.54;0;1.91;3.54;0;3.81;6.81;8.17;11.44;0.54;0;0;0;3.81;0;0.54;0;0;0;0;0;2.72;0;27.79;0;26.7;0;0;1.63;0;0;-7.61;COMX
0;0;1.16;0;0;26.9;19.31;0.17;2.81;0;0;0.66;0;2.97;0;0;0;0;0;21.78;0;1.32;0.99;20.3;0;1.65;0;0;0;0;0;-7.021;COCO
0;0;0.16;0;0;25.37;0.33;32.62;12.19;0;0;0.16;0;4.78;0;0;0;0;0;7.25;0;0.66;0.99;11.53;0;3.95;0;0;0;0;0;-7.021;COCO
0;0;0.3;0;0;47.26;0.61;33.84;0.61;0;0;0;0;0.91;0;0;0;0;0;6.1;0;0;1.83;6.4;0;1.83;0;0;0.3;0;0;-7.021;COST
0;0;0.44;0.11;0.11;28.51;14.59;9.06;1.88;0;0;0.22;0;6.63;0;0;0;0;0;8.73;0;1.55;4.86;17.68;0;5.64;0;0;0;0;0;-7.021;COCO
0;0;0.9;0;0;16.79;2.53;43.14;4.87;0;0;0;0;4.87;0;0;0;0;0;8.48;0;1.26;3.61;12.82;0;0.72;0;0;0;0;0;-7.021;COCO
0;0;0.59;0.2;0;41.85;0.98;0.2;1.18;0;0;0.2;0;0.2;0;0;0;0;0;12.77;0;3.93;11.79;21.81;0;4.32;0;0;0;0;0;-6.602;COCO
0;0;0;0.15;0;1.95;16.17;20.96;1.05;0;0;0;0;8.38;0;0;0;0;0;10.93;0;2.25;7.34;27.25;0;3.59;0;0;0;0;0;-6.602;COCO
0;0;2.92;0;0;2.12;2.12;5.04;4.77;0.8;0;10.61;0;11.41;0;0;0;0;0;20.42;0;1.86;0;22.02;1.33;14.59;0;0;0;0;0;-7.67;COCO
0;0;0.96;0;0;2.87;15.79;5.74;1.91;0;0;66.51;0;0;0;0;0;0;0;3.35;0;0.48;0;1.91;0;0.48;0;0;0;0;0;-7.67;HODE
0;0;13.43;0;0;3.53;0;16.61;5.65;0.35;0;0.35;0;2.47;0;3.89;0;0;0;14.49;0;2.47;0.35;30.04;0;5.3;0;0;1.06;0;0;-7.67;COCO
0;0;10.63;0.82;0;2.25;0.61;14.72;10.22;0;0;0;0;1.64;0;4.91;0;0;0;31.49;0;1.84;0.2;18.4;0;1.23;0;0;1.02;0;0;-7.67;COCO
0;0;3.87;0.46;0;0.68;1.37;6.38;1.59;0;0;0.23;0;7.74;0;0.46;0;0;0;16.63;0;2.51;0.46;23.69;0;33.26;0;0;0.68;0;0;-7.67;COCO
0;0;2.47;0;0;1.03;0.21;0.62;15.02;0;0;0;0;1.03;0;11.73;0;0;0;36.01;0;2.06;1.65;26.75;0;1.03;0;0;0.41;0;0;-7.476;COCO
0;0;0.9;0;0;1.08;0;0;21.94;0;0;0;0;0.54;0;17.09;0;0;0;37.77;0;1.8;0.36;15.65;0;1.98;0;0;0.9;0;0;-7.476;COCO
0;0;0.71;0.43;0;1.14;7.43;8.86;25.57;0;0;0;0;0.86;0;0.86;0;0;0;30;0;0.86;0.71;20.43;0;2;0;0;0.14;0;0;-7.476;COCO
0;0;4.42;0.16;0;0.98;1.15;2.45;13.58;0.16;0;0;0;32.08;0;0;0;0;0;6.71;0;0;0;22.42;0;15.71;0;0;0.16;0;0;-7.476;COCO
0;0;3.52;0;0;0.88;0.44;3.08;22.47;0;0;0;0;1.76;0;0.44;0;0;0;0.88;0;1.32;0;63.88;0;0.44;0;0;0.88;0;0;-7.62;COCO
0;0;20.37;0;0.31;0.93;0;14.81;1.85;0;0;0.31;0;10.8;0;5.86;0;0;0;7.41;0;0;22.53;0.93;0;12.35;0;0;1.54;0;0;-11.757;COCO
0;0;8.63;0;0;0.6;0;9.23;25.3;0;0;0;0;0;0;0.3;0;0;0;0.3;0;2.68;0;50;0;2.98;0;0;0;0;0;-7.501;COCO
0;0;73.02;0;0;0;0;5.71;1.9;0.32;0;0;0;0;0;15.87;0;0;0;0;0;0;0.63;0;0;0.63;0;0;1.9;0;0;-9.575;TUND
0;0;13.83;0;0.4;0.4;0;6.32;25.3;0;0;0;0;1.58;0;0;0;0;0;2.37;0;0.79;0.79;45.06;0;1.58;0;0;1.58;0;0;-7.62;COCO
0;0;3.98;0;0;0;0;2.21;20.8;0;0;0;0;1.33;0;0;0;0;0;18.14;0;0;0.44;49.12;0;3.98;0;0;0;0;0;-7.16;COCO
0;0;12.55;0;0;1.96;0.39;16.08;33.33;0;0;0.78;0;1.18;0;0.39;0;0;0;11.76;0;0;0;5.1;0;12.94;0;0;3.53;0;0;-8.023;COCO
0;0;10.68;0;0;1.94;0.97;7.28;10.19;0;0;0;0;0;0;0.49;0;0;0;7.77;0;5.83;0;50;0;4.37;0;0;0.49;0;0;-8.081;COCO
0;0;0;0.93;0;0;0;1.85;8.44;0;0;0;0;0;0;2.98;0;0;0;0;0;11.32;0;73.56;0;0;0;0;0;0.93;0;3.037;COMX
1.63;0;0;0;0;3.67;0;7.94;27.49;0;0;0;0;0.92;0;3.67;0;0;0;0;0;2.34;7.94;39.51;0;1.83;0;1.53;1.53;0;0;0.758;COMX
0;0;0;0.1;0;2.31;0;3.61;19.16;0;0;0.5;0;1.2;0;0.7;0;0;0;0;0;2.71;0;53.06;0;1;0;0;15.55;0;0.1;-1.237;COMX
0.81;0;0;0;0;3.46;0;3.26;40.69;0;0;1.63;0;0;0;7.73;0;0;0;0;0;3.26;4.88;32.55;0;1.73;0;0;0;0;0;1.043;COMX
0;0;0;0;0;0;0;5.69;31.33;0;0;0;0;1.14;0;2.28;0;0;0;0;0;49.33;0;9.51;0;0.72;0;0;0;0;0;-9.18;COMX
0;0;0;15.24;0;0;1.78;3.73;49.59;0;0;1.78;0;1.78;0;10.21;0;0;0;0;0;5.02;0;5.02;0;3.24;0;0;2.59;0;0;-4.498;COMX
0;0;0;0;0;0;0;0;19.9;0;0;0;0;4.1;0;6.1;0;0;0;0;0;1.9;11.3;56.7;0;0;0;0;0;0;0;-1.316;COMX
7.04;0;0;3.52;0;3.42;0;0;28.16;0;0;3.42;0;3.52;0;3.42;0;0;0;0;0;5.59;4.87;26.6;0;3.42;0;0;0;3.52;3.52;0.461;COMX
4.27;0;0;0;0;3.46;0;0;17.29;0;0;1.73;0;4.27;0;1.73;0;0;0;0.81;0;8.65;0;56.05;0;1.73;0;0;0;0;0;3.43;COCO
2.44;0;0;2.55;0;2.65;0;1.73;32.18;0;0;0.92;0.92;0;0;2.65;0;0;0;0;0;6.82;0;40.53;0;4.48;0;0;0;1.22;0.92;1.827;COMX
0;0;0;7.54;0;1.02;0;9.28;25.69;0;0;1.02;1.94;0.92;0;0;0;0;0;0;0;23.75;0;27.93;0;0.92;0;0;0;0;0;5.189;COMX
0;0;0;18.13;0;0.85;0;0;42.42;0;0;0;0.42;2.55;0;1.7;0;0;0;0;0;3.5;0;21.74;0;7;0;0;1.7;0;0;3.258;COMX
0.96;0;0;58.19;0;0.96;0;0;0.96;0;9.04;1.81;1.81;0.96;0;0;0;0;0;0;0;0.96;0;7.13;0;10.85;0;3.62;0;0;2.77;13.435;COMX
0;0;0;7.15;0;0.61;0;1.94;31.15;0;0;1.23;0;24;0;0.61;0;0;0;0;0;7.15;0;24;0;1.53;0;0;0.61;0;0;2.925;COMX
0;0;0;2.79;0;1.18;0;2.79;19.12;0;0;0.86;0;8.59;0;0.54;0;0;0;0;0;4.3;0;45.54;0;14.29;0;0;0;0;0;0.865;COMX
0;0;0;4.18;0;9.18;0;0;53.57;0;0;0;0.82;2.04;0;0;0;0;0;0;0;7.55;0;15.1;0;5.1;0;1.63;0;0.82;0;3.429;COMX
0;0;0;4.48;0;0;0;0;13.54;0;0;0.92;0;8.96;0;0;0;0;0;0;0;25.25;0;43.18;0;0;0;1.83;0;1.83;0;4.148;COMX
0;0;0;15.42;0;0.74;0;0;30.83;0;0;0;0.95;0;0;0;0;0;0;0;0;7.71;0;40.65;0;2.75;0;0.95;0;0;0;3.031;COMX
0;0;0;10.37;0;0;0;20.75;28.42;0;0;0;0;0;0;0;0;0;0;0;0;14.73;0;6.95;0;13.59;0;0;5.19;0;0;-0.117;COMX
0;0;0;2.92;0;0;0;11.67;0;0;0;0;0;1.46;0;1.35;0;0;0;4.9;0;0.94;1.98;74.79;0;0;0;0;0;0;0;-2.839;COCO
0;0;0;4.71;0;0;0;0;11.84;0;0;0;0;0;0;0;0;0;0;0;0;53.07;0;22.37;0;3.29;0;0;0;4.71;0;1.674;COMX
0;0;0;1.62;0;2.32;0;0;41.21;0;0;0.91;0;1.41;0;4.44;0;0;0;0;0;1.62;3.94;38.79;0;1.31;0;0;2.42;0;0;-1.29;COMX
0;0;0;9.47;0;0;0;0;30.14;0;0;1.22;3.46;0;0;1.63;0;0;0;0;0;10.18;0;21.69;0;15.89;0;3.16;2.24;0.61;0.31;4.003;COMX
0;0;0;4.91;0;21.27;0;3.58;30.78;0;0;3.07;0;0;0;1.53;0;0;0;0;0;0.1;12.17;20.04;0;2.56;0;0;0;0;0;-0.547;COMX
0;0;0;12.53;0;0;0;0;32.05;0;0;0;0;3.55;0;14.82;0;0;0;0;0;7.83;0;25.89;0;1.77;0;1.57;0;0;0;4.241;COMX
2.42;0;0;0;0;4.03;0;7.26;30.65;0;0;0.81;0;0;0;6.35;0;0;0;0;0;5.65;8.06;33.17;0;1.61;0;0;0;0;0;-0.596;COMX
0;0;0;2.51;0;0;0;12.46;32.23;0;0;0;0;0.69;0;21.03;0;0;0;0;0;2.51;0;27.89;0;0.69;0;0;0;0;0;0.532;COMX
0;0;0;0.66;0;12.29;5.87;0;7.42;0;0;3.88;0.66;8.86;0;0;0;0;0;0;0;0.66;0;51.61;0;7.42;0;0;0;0.66;0;8.095;COMX
0;0;0;8.18;0;6.96;17.09;0;13.55;0;0;6.96;2.69;0.73;0;0;0;0;0;0;0;5.37;0;21.73;0;15.14;0;1.1;0;0.49;0;8.34;COMX
0.6;0;0;1.93;0;0.96;2.29;0;0;0;1.93;0;1.81;32.53;0;0;0;0;0;0;0;5.06;0;47.47;0;3.61;0;1.81;0;0;0;12.209;COMX
0;0;0;2.22;0;0.58;19.51;0;3.86;0;0;4.67;2.8;0;0;0;0;0;0;0;0;1.64;0;51.4;0;9.46;0;1.05;2.8;0;0;6.752;COMX
0;0;0;3.44;0;4.35;0;0;36.1;0;0;1.52;0;0.51;0;6.88;0;0;0;0;0;0;0;25.78;0;0.81;0;0;20.63;0;0;-0.915;COMX
0.8;0;0;1.6;0;2;0;12.3;21.3;0;0;0;0;3;0;0;0;0;0;0.8;0;3.3;9.8;45.1;0;0;0;0;0;0;0;-0.475;COCO
0;0;0;1.32;0;10.75;0;1.32;44.52;0;0;3.55;0;0;0;10.75;0;0;0;0;0;0;4.56;19.68;0;3.55;0;0;0;0;0;0.553;COMX
1.6;0;0;0;0;14.61;0;3.1;56.26;0;0;0;0;1.1;0;0;0;0;0;0;0;2.3;7.01;11.71;0;2.3;0;0;0;0;0;0.272;COMX
0;0;0;4.41;0;1.68;0;0;62.5;0;0;0;0;11.97;0;0.63;0;0;0;0;0;1.58;8.09;1.58;0;5.15;0;0;2.42;0;0;-0.979;COMX
0;0;0;4.13;0;0.74;0;0;17.57;0;0;0;0;14.6;0;30.58;0;0;0;0;0;1.59;26.46;1.06;0;2.22;0;0;1.06;0;0;-0.093;COMX
0;0;0;4.41;0;1;0;3.51;28.49;0;0;1;0;1.1;0;7.72;0;0;0;0;0;6.22;3.51;8.93;0;0.3;0;0;33.8;0;0;-3.07;COMX
3.12;0;0;1.43;0;0;1.69;0;16.25;0;0;1.69;0;26.14;0;0;0;0;0;0;0;1.04;0;47.2;0;0;0;0;1.43;0;0;-0.52;COMX
0;0;0;0;0;5.04;2.63;0;2.1;0;0;6.72;0;1.58;0;0;0;0;0;0;0;79.83;0;0;0;0;0;0;2.1;0;0;5.832;COMX
0;0;0;2.28;0;2.28;0;0;5.69;0;0;4.65;0;5.79;0;0;0;0;0;0;0;5.79;0;72.39;0;0;0;0;0;1.14;0;4.368;COMX
0.52;0;0;2.68;0;3.09;0;0;6.29;0;0;3.71;0.52;0.52;0;0;0;0;0;0;0;6.29;0;66.91;0;4.23;0;1.55;1.03;2.16;0.52;5.918;COMX
0;0;0;0;0;3.9;1.95;0;3.29;0;0.85;7.92;1.71;0.97;0;0;0;0.85;0;0;0;0;0;64.31;0;0;0;9.26;0;3.29;1.71;9.42;COMX
0;0;0;1.37;0;0.63;2;0;3.48;0;0;3.37;0;18.86;0;0;0;0;0;0;0;2.11;0;61.96;0;1.37;0;2.11;2.74;0;0;9.327;COMX
0.1;0.1;0;1.77;0;0.1;0;0;3.63;0;3.63;0.1;0.1;7.17;0;0;0;0;0;0;0;0.1;0;80.06;0;1.77;0;1.35;0;0;0;8.905;COMX
1.98;0;0.99;8.53;0;2.47;1.85;4.08;26.7;0;0;0;0;4.08;0;20.15;0;0;0;2.97;0;14.09;4.08;0;0;2.47;0;4.08;0;0;1.48;-4.282;COMX
0;0;5.72;14.88;0;0.62;0;12.17;33.61;0;0;0;0;8.01;0;0;0;0;0;6.76;0;8.74;8.12;0;0;1.35;0;0;0;0;0;-5.801;COCO
0;0;9.91;0;0;0;4.1;0;6.31;0;0;0;0;20.32;0;0;0;0;0;0.5;0;0;6.01;0;0;50.65;0;0;2.2;0;0;-7.031;TUND
0;0;1.82;0;0;0.91;0;4.45;9.82;0;0;0;0;1.82;0;0;0;0;0;4.45;0;1.82;8;66.9;0;0;0;0;0;0;0;-7.702;COCO
1.52;0;0;11.68;0;3.55;0;0;9.24;0;0;0;0;30.66;0;0;0;0;0;0;0;3.86;28.73;0;0;0;0;9.24;0;0;1.52;-2.843;COMX
0;0;25.23;0;0;0;0;57.56;0;0;0;0;0;0;0;0;0;0;0;1.98;0;0.12;15.12;0;0;0;0;0;0;0;0;-10.521;COCO
0;0;0;0.43;0;0;0;0;30.64;0;0;0;0;10.37;0;11.97;0;0;0;0;0;2.4;0;39.45;0;4.03;0;0;0.7;0;0;-4.073;COMX
0;0;0;1.43;0;0;0;0;31.21;0;0;0;0;11.44;0;2.9;0;0;0;0;0;2.23;0;43.98;0;6.2;0;0;0.6;0;0;-4.338;COMX
0;0;0;6.79;0;0.5;0;0;21.38;0;0;0.3;0;9.89;0;15.88;0;0;0;0;0;3.4;0;35.56;0;4.9;0;0;1.4;0;0;-4.241;COMX
0;0;0;20.52;0;0;0;0;53.05;0;0;0.4;0;3.3;0;0;0;0;0;0;0;1.6;0;14.11;0;6.61;0;0;0.4;0;0;-0.921;COMX
0;0;0;0;0;0;0;0;0;0;0;0;0;80.65;0;3.95;0;0;0;0;0;0;0;0;0;15.4;0;0;0;0;0;-4.09;WAST
0;0;0;4.19;0;1.3;0;0;65.27;0;0;0;0;10.08;0;0.8;0;0;0;0;0;1.7;0;9.78;0;4.39;0;0;2.5;0;0;-3.995;COMX
0;0;0;0;0;0;0;0;37.04;0;0;0;0;6.11;0;19.62;0;0;0;3.3;0;0;0;23.82;0;8.11;0;0;2;0;0;-5.858;COCO
0;0;0;9.8;0;1.6;0;0;22;0;0;0;0;0.8;0;3.1;0;0;0;0;0;28.6;0;26.1;0;7.1;0;0;0.9;0;0;-6.389;COMX
0;0;0;0;0;0;0;0;54.22;0;0;0;0;15.34;0;1.65;0;0;0;0;0;4.6;0;18.59;0;1.65;0;0;3.95;0;0;-2.155;COMX
0;0;0;4.6;0;1.4;0;0;64.9;0;0;0;0;10;0;0.5;0;0;0;0;0;1.7;0;10.1;0;4.3;0;0;2.5;0;0;-2.321;COMX
0.7;0;0;4.8;0;3.1;0;0;37.7;0;0;0.9;0;8.3;0;0.8;0;0;0;0;0;3.2;0;29.7;0;8;0;0;2.8;0;0;-1.794;COMX
0;0;0;22.3;0;0.6;0;0;16.4;0;0;0.6;0;15.8;0;0;0;0;0;0;0;1.5;0;23.9;0;18.2;0;0;0.7;0;0;-3.977;COMX
0;0;0;0;0;0.4;0;0;13.79;0;0;0;0;12.29;0;0.4;0;0;0;0;0;10.09;0;45.05;0;15.38;0;0;2.6;0;0;-1.958;COMX
0.3;0;0;3.11;0;0.6;0;0;25.05;0;0;0;0;5.31;0;0;0;0;0;0;0;7.31;0;51.2;0;7.11;0;0;0;0;0;-3.22;COMX
0.5;0;0;1.7;0;1.9;0;0;36.17;0;0;1;0;6.51;0;0.9;0;0;0;0;0;5.21;0;43.09;0;2.61;0;0;0.4;0;0;-3.779;COMX
0;0;0;10.6;0;13;0;0;50.2;0;0;0;0;0.9;0;0;0;0;0;0;0;4.7;0;4.7;0;7.7;0;0;8.2;0;0;-4.871;COMX
0;0;0;11.61;0;2.1;0;0;31.13;0;0;4.2;0;2.1;0;0;0;0;0;0;0;1.2;0;45.35;0;0;0;0;2.3;0;0;-3.705;COMX
0;0;0;9.6;0;0.2;0;0;41.5;0;0;0;0;11.5;0;0;0;0;0;0;0;4.8;0;20.8;0;5.2;0;0;6.4;0;0;0.145;COMX
0.5;0;0;0.3;0;2.4;0;0;24.38;0;0;9.59;0;9.69;0;0.9;0;0;0;0;0;3.5;0;45.25;0;0;0;0;3.5;0;0;-1.779;COMX
2.2;0;0;0;0;6.4;0;0;27.9;0;0;0;0;1.8;0;1;0;0;0;0;0;0;0;51.6;0;3.7;0;0;5.4;0;0;-1.564;COMX
1.1;0;0;3.19;0;2;0;0;53.59;0;0;0.3;0;1.1;0;0.3;0;0;0;0;0;3.19;0;33.83;0;0.3;0;0;1.1;0;0;-1.601;COMX
0;0;0;0;0;0;0;0;37.06;0;0;0;0;1.1;0;2.2;0;0;0;0;0;49.45;0;9.49;0;0.7;0;0;0;0;0;-8.097;COMX
0;0;0;5.1;0;2.9;0;0;38.3;0;0;0;0;2.9;0;0;0;0;0;0;0;3.2;0;44.6;0;0.9;0;0;2.1;0;0;-4.942;COMX
0;0;0;9.31;0;2;0;0;22.82;0;0;0;0;2;0;0;0;0;0;0;0;5.11;0;56.76;0;1;0;0;1;0;0;-4.427;COMX
1.6;0;0;1.6;0;0;0;0;36.44;0;0;0;0;4.8;0;21.12;0;0;0;0.4;0;9.31;0;24.72;0;0;0;0;0;0;0;-3.755;COCO
0;0;0;29.07;0;0;0;0;14.69;0;0;0;0;16.28;0;0.6;0;0;0;0;0;2.4;0;23.08;0;12.59;0;0;1.3;0;0;2.57;COMX
0;0;0;15.1;0;1.2;0;0;51.7;0;0;1.2;0;6.3;0;0;0;0;0;0;0;12.7;0;8;0;3.8;0;0;0;0;0;-0.921;COMX
0;0;0;4.2;0;0;0;0;58.6;0;0;0.9;0;12.6;0;0;0;0;0;0;0;13.1;0;8.2;0;0;0;0;2.4;0;0;-0.685;COMX
0;0;0;0;0;0;0;0;24.7;0;0;0;0;9.3;0;0;0;0;0;0;0;8.8;0;54.7;0;2.5;0;0;0;0;0;-0.49;COMX
1.1;0;0;3.21;0;2.91;0;0;18.74;0;0;1;0;1.9;0;1.9;0;0;0;0;0;4.31;0;63.83;0;0;0;0;1.1;0;0;-1.475;COMX
0.5;0;0;2.8;0;0;0;0;42;0;0;0.1;0;1.5;0;0.7;0;0;0;0;0;3.9;0;48;0;0;0;0;0.5;0;0;0.641;COMX
0;0;0;11.1;0;0;0;0;35.4;0;0;0;3;0;0;0;0;0;0;0;0;14.1;0;36.4;0;0;0;0;0;0;0;3.578;COMX
0;0;0;4.5;0;0;0;0;26.7;0;0;0;7.1;0;0;0;0;0;0;0;0;14.3;0;42;0;0;0;0;0;5.4;0;4.726;COMX
0;0;0;4.85;0;0.18;0;0;14.47;0;0;0;0.25;0;0;1.42;0;0;0;0;0;10.65;0;65.81;0;0.9;0;0.25;0;0.97;0.25;3.129;COMX
0;0;0;23.6;0;0.6;0;0;37.6;0;0;0.15;2.2;0.6;0;7.15;0;0;0;0;0;7.5;0;19.25;0;0.9;0;0.45;0;0;0;3.477;COMX
0;0;0;4.95;0;0;0;0;11.75;0;0;0;0;2.1;0;0;0;0;0;0;0;24.55;0;53.95;0;0.75;0;1.95;0;0;0;3.942;COMX
0;0;0;14.6;0;0;0;0;2.9;0;0;0;1.9;0;0;0;0;0;0;0;0;24.3;0;54.4;0;0;0;0;0;1.9;0;3.472;COMX
0;0;0;14.36;0;0;0;0;40.22;0;0;0;4.3;2.75;0;0;0;0;0;0;0;5;0;19.76;0;9.3;0;0.5;0.5;1.1;2.2;3.12;COMX
0;0;0;21.28;0;1.2;0;0;33.87;0;0;0.6;1.6;0.6;0;14.89;0;0;0;0;0;6.29;0;17.28;0;2.4;0;0;0;0;0;3.282;COMX
0;0;0;22.12;0;0;0;0;39.54;0;0;0;1.2;0;0;0;0;0;0;0;0;7.91;0;29.13;0;0;0;0.1;0;0;0;3.72;COMX
0;0;0;4.3;0;2.9;0;0;58.24;0;0;0;1;2.1;0;0;0;0;0;0;0;8.49;0;15.98;0;4.1;0;1.6;0;1.3;0;4.019;COMX
0;0;0;3.2;0;0;0;0;14.9;0;0;0;0;0;0;0;0;0;0;0;0;28.1;0;50.6;0;0;0;3.2;0;0;0;3.479;COMX
0;0;0;8.09;0;0.95;0;0;31.52;0;0;0.95;1.9;0.9;0;0;0;0;0;0;0;25.32;0;29.47;0;0.9;0;0;0;0;0;4.437;COMX
2.35;0;0;1.6;0;6.19;0;0;53.22;0;0;2.25;0;1.9;0;0.35;0;0;0;0;0;4.34;0;23.27;0;1.85;0;0.1;0.9;0.85;0.85;-8.118;COMX
0;0;0;5.41;0;0;0;0;43.84;0;0;0.5;0;0.5;0;0;0;0;0;0;0;14.31;0;25.03;0;9.51;0;0;0.9;0;0;4.256;COMX
0;0;0;2.76;0;0;0;0;23.68;0;0;0;0;1.08;0;0;0;0;0;0;0;11.87;0;58.17;0;1.84;0;0.2;0;0.2;0.2;4.672;COMX
0;0;0;7.92;0;0;0;0;22.74;0;0;0;1;1;0;0;0;0;0;0;0;40.58;0;17.26;0;4.59;0;1;0.47;3.43;0;4.814;COMX
0;0;0;4.6;0;0;0;0;13.7;0;0;0.8;0;8.2;0;0;0;0;0;0;0;25.5;0;43.6;0;0;0;1.8;0;1.8;0;4.681;COMX
0;0;0;5.09;0;6.69;0;0;54.25;0;0;0;1.7;1.4;0;0;0;0;0;0;0;8.49;0;15.28;0;3.7;0;2.6;0;0.8;0;4.554;COMX
0;0;0;7.4;0;1.8;0;0;23.3;0;0;1.8;0.9;0.8;0;0;0;0;0;0;0;30.7;0;19.5;0;2.6;0;4.7;0;5.6;0.9;3.726;COMX
0;0;0;6;0;0;0;0;5;0;0;0;0;0;0;0;0;0;0;0;0;34;0;53;0;0;0;1;0;0;1;4.11;COMX
0;0;0;0;0;5;0;0;31.2;0;0;0;0;0;0;0;0;0;0;0;0;0;0;61.4;0;0;0;0;2.4;0;0;4.509;COMX
0;0;0;12.89;0;6.29;0;0;4.7;0;0;34.27;0;0;0;0;0;0;0;0;0;0;0;25.87;0;0.6;0;2.4;1.2;5.89;5.89;3.806;COMX
0;0;0;6.71;0;0.8;0;0;10.41;0;0;1.1;0;0;0;0.8;0;0;0;0;0;6.11;0;65.67;0;7.51;0;0.5;0;0.4;0;2.471;COMX
1.3;0;0;2.7;0;2.4;0;0;52.3;0;0;4.6;0;2.6;0;0.4;0;0;0;0;0;7.9;0;21.3;0;1.7;0;0.4;0.4;1;1;-2.028;COMX
0;0;0;18.2;0;0;0;0;28.6;0;0;1.1;11.1;7.7;0;0;0;0;0;0;0;8;0;16.8;0;5.4;0;0.4;0;0.9;1.8;4.721;COMX
0;0;0;9.1;0;0;0;0;5;0;0;0;0;0;0;0;0;0;0;0;0;15.1;0;70.8;0;0;0;0;0;0;0;3.593;COMX
7.3;0;0;7.8;0;0;0;0;4.5;0;2.5;0;2;0;0;0;23.5;0;0;0;0;43.6;0;7.3;0;0;0;0;1;0.5;0;11.674;COMX
0.73;0;0;2.3;0;0.73;0;0;0;0;2.3;0;2.09;24.56;0;0;0;0;0;0;0;6.06;0;56.43;0;2.72;0;2.09;0;0;0;6.663;COMX
0;0;0;50.15;0;3.8;0;0;0;0;0;43.16;0;0.3;0;0;0;0;0;0;0;0;0;0;0;2.6;0;0;0;0;0;5.744;WAMX
0;0;0;0;0;1.84;0;0;0;0;0;74.08;0;0;0;0;0;0;0;0;0;0;0;23.77;0;0.31;0;0;0;0;0;6.181;HODE
0;0;0;0;0;41.76;0;0;0;0;0;5.99;0;0.6;0;0;0;0;0;0;0;0;0;50.55;0;1.1;0;0;0;0;0;6.626;WAST
6.3;0;0;0;0;5.9;0;0;10.8;0;0;1.4;0;0;0;0;0;0;0;1.8;0;1.8;0;65.4;0;3;0;0;3.6;0;0;-0.012;COCO
0;0;0;6.4;0;17.7;0;0;32.2;0;0;29;0;0;0;0;0;0;0;0;0;0;0;6.4;0;1.9;0;0;6.4;0;0;6.786;COMX
0;0;0;2.6;0;22.78;0;0;34.87;0;0;21.78;0;0.2;0;0;0;0;0;0;0;0;0;14.19;0;3.6;0;0;0;0;0;6.823;COMX
0;0;0;1.8;0;2.8;0;0;1.8;0;0;3.7;0;0;0;0;0;0;0;0;0;0.9;0;82.62;0;5.49;0;0;0;0;0.9;5.908;COMX
0;0;0;0;0;69.5;0;0;0;0;0;29.6;0;0;0;0;0;0;0;0;0;0;0;0;0;0.9;0;0;0;0;0;3.787;WAST
28.27;0;0;0;0;3.4;0;0;24.88;0;0;2.7;0;0;0;0;0;0;0;3.6;0;6.19;0;30.97;0;0;0;0;0;0;0;2.305;COCO
2.5;0;0;0;0;6.2;0;0;27.1;0;0;2;0;1.1;0;0;0;0;0;0;0;0.7;0;54;0;5.1;0;0;1.3;0;0;2.535;COMX
0;0;0;16.25;0;0.45;0;0;38.3;0;0;0;2.75;0.45;0;0.45;0;0;0;0;0;12.5;0;24.35;0;1.35;0;0.45;0.45;0.9;1.35;3.827;COMX
0;0;0;6;0;0;0;0;26;0;0;0;2;0;0;0;0;0;0;0;0;15;0;50;0;0;0;1;0;0;0;4.195;COMX
0;0;0;24.7;0;0;0;0;30.3;0;0;0;4.8;0;0;0;0;0;0;0;0;9.6;0;25.8;0;0;0;0;0;2.9;1.9;3.869;COMX
0;0;0;1;0;12.69;0;0;7.09;0;0;8.59;0.4;0;0;0;0;0;0;0;0;1;0;61.24;0;7.19;0;0.4;0.4;0;0;5.942;COMX
0;0;0;2.1;0;17.42;0;0;8.31;0;0;5.91;0.4;0.1;0;0;0;0.1;0;0;0;0.9;0;55.16;0;7.61;0;1.2;0.1;0.6;0.1;6.398;COMX
0;0;0;0;0;0;0;0;32.27;0;0;3.9;0;2;0;0;0;0;0;0;0;1.5;0;42.06;0;17.48;0;0;0;0.8;0;5.84;COMX
0;0;0;27.93;0;2.3;0;0;3.1;0;0;0;0;0;0;0;0;0;0;0;0;0;0;8.11;0;0;0;0;0;58.56;0;5.778;COMX
0;0;0;14.21;0;0.5;0;0;5.81;0;0.2;0;0;5.41;0;0;0;0;0;0;0;12.01;0;55.16;0;3.4;0;0;1.5;0.6;1.2;4.508;COMX
0;0;0;4.01;0;0;0;0;26.75;0;0;0.4;0;6.41;0;0;0;0;0;0;0;15.33;0;26.75;0;12.32;0;4.01;0;0;4.01;5.73;COMX
0;0;0;7.75;0;11.85;0;0;10.2;0;0;22.65;0.5;0;0;0;0;0;0;0;0;0.55;0;44.05;0;0.2;0;0.5;0;1.75;0;6.477;COMX
0;0;0;17.46;0;1.42;0;0;34.62;0;0;0.71;1.73;8.83;0;0;0;0;0;0;0;1.73;0;21.52;0;2.34;0;0.91;0;7.82;0.91;5.918;COMX
0;0;0;3.94;0;0;0;0;7.78;0;0;4.24;1.52;3.64;0;0;0;0;0;0;0;3.94;0;61.01;0;10.91;0;0;1.52;1.52;0;5.575;COMX
0;0;0;0.65;0;1.05;0;0;92.41;0;0;1.05;0.2;0.3;0;0.05;0;0;0;0;0;0;0;3.9;0;0.2;0;0;0;0.2;0;5.436;COMX
0;0;0;8.1;0;1.6;0;0;28.6;0;0;3.3;0;0;0;0;0;0;0;0;0;10.7;0;40.2;0;5.7;0;1.8;0;0;0;5.676;COMX
0.5;0;0;2.7;0;2.8;0;0;6.4;0;0;3.3;0.5;0.4;0;0;0;0;0;0;0;6.4;0;67.9;0;3.8;0;1.5;1.1;2.2;0.5;5.627;COMX
0;0;0;6.63;0;0;0;0;16.43;0;0;0;1.03;0.87;0;14.23;0;0;0;0;0;12.63;0;44.92;0;1.67;0;0.47;0;0;1.13;4.337;COMX
0;0;0;15.4;0;0;0;0;50;0;0;0;1.9;0;0;0;0;0;0;0;0;12.5;0;18.3;0;0;0;0;0;0;1.9;3.959;COMX
0;0;0;4.55;0;0;0;0;14.61;0;0;0.2;0;1.2;0;0;0;0;0;0;0;14.61;0;57.53;0;7.3;0;0;0;0;0;5.603;COMX
0;0;0;7.81;0;0.5;0;0;31.23;0;0;0;0.8;0.2;0;19.52;0;0;0;0;0;3.9;0;32.83;0;3.2;0;0;0;0;0;3.568;COMX
0;0;0;16.92;0;0;0;0;33.93;0;0;0;3.4;0;0;0;0;0;0;0;0;11.91;0;32.23;0;0;0;0.8;0;0.8;0;3.966;COMX
0;0;0;7.8;0;0;0;0;5.1;0;0;0;0;0;0;0;0;0;0;0;0;25.5;0;61.6;0;0;0;0;0;0;0;4.154;COMX
0;0.6;0;2.9;0;11.79;0;0;8.99;0;0;18.68;0.3;0;0;0;0;0;0;0;0;0.9;0;52.85;0;0.6;0;1.2;0;1.2;0;6.881;COMX
2.45;0;0;1.22;0;0.92;0;0;2.45;0;0;0;0;15.51;0;0;0;0;0;0;0;5.2;0;50.41;0;21.84;0;0;0;0;0;7.488;COMX
2.12;0;0;8.02;0;0.45;0;0;40.09;0;2.12;0;1.45;12.92;0;0;0;0;0;0;0;5.9;0;8.91;0;15.92;0;2.12;0;0;0;7.245;COMX
0;0;0;0;0;14.44;0;0;16.84;0;0;51.47;0;0;0;0;0;0;0;0;0;0;0;16.84;0;0.4;0;0;0;0;0;7.922;COMX
0;0;0;9.82;0;0.74;0;0;9.82;0;0;51.04;9.82;0;0;0;0;0;0;0;0;0;0;9.82;0;8.96;0;0;0;0;0;6.925;COMX
0;0;0;0;0;11.01;0;0;28.83;0;0;0;0;12.41;0;0;0;0;0;0;0;1.3;0;45.65;0;0.8;0;0;0;0;0;-0.722;COMX
0;0;0;0;0;33.9;0;0;50.1;0;0;15.4;0;0;0;0;0;0;0;0;0;0;0;0;0;0.6;0;0;0;0;0;7.078;COMX
0;8.48;0;0;0;8.18;0;0;16.87;0;0;34.63;0;0.2;0;0;0;0;0;0;0;0;0;8.48;0;6.19;0;0;8.48;0;8.48;7.441;COMX
2.56;0;0;0;0;18.24;0;0;2.56;0;0;30.74;0;0;0;0;0;0;0;0;0;0;0;45.9;0;0;0;0;0;0;0;3.235;COMX
0;0;0;3.7;0;1.2;0;0;3.7;0;0;11.4;0.2;3.8;0;0;0;0;0;0;0;1.8;0;60;0;6.4;0;2.5;3.7;0.9;0.7;6.641;COMX
0;0;0;14.69;0;0.25;0;0;11.19;0;0.4;0.3;13.89;1.9;0;0;0;0;0;0;0;10.14;0;46.1;0;0.45;0;0.05;0.05;0.25;0.35;5.571;COMX
0;0;0;1;0;0;0;0;6.7;0;4.7;0;0;0;0;0;0;0;0;0;0;1;0;86.6;0;0;0;0;0;0;0;5.074;COMX
0;0;0;23;0;0;0;0;32;0;0;0;7;0;0;0;0;0;0;0;0;10;0;21;0;0;0;2;0;3;2;5.883;COMX
0;0;0;9.7;0;0;0;0;34.6;0;0.1;0;2.1;0;0;0;0;0;0;0;0;14.5;0;36.3;0;0;0;2.4;0;0;0.3;5.52;COMX
0;0;0;2.7;0;0;0;0;23.81;0;0;2.45;1.4;0.85;0;0;0;0;0;0;0;1.8;0;20.66;0;3.35;0;13.81;0;27.81;1.35;6.026;COMX
0;0;0;0.8;0;0;0;0;16.48;0;0;0;1.6;2.4;0;0;0;0;0;0;0;3.2;0;42.26;0;17.58;0;15.68;0;0;0;7.567;COMX
0;0;0;1.9;0;0;0;0;14.97;0;1;0;4.69;0;0;0;0;0;0;0;0;1;0;39.92;0;2.2;0;33.33;0;1;0;7.113;COMX
0;0;0;2.8;0;6.8;0;0;23.7;0;0;0.4;0;1.4;0;0;0;0;0;0;0;0;0;59.4;0;3.3;0;1.1;1.1;0;0;6.277;COMX
0;0;0;28.7;0;0.3;0;0;22.8;0;0.3;0.7;6.6;1.3;0;3.2;0;0;0;0;0;3.6;0;29.5;0;1;0;0.3;0.3;0.7;0.7;5.253;COMX
0;0;0;10.01;0;6.21;0;0;18.92;0;0;6.21;3.8;0.7;0;0;0;0;0;0;0;6.91;0;30.63;0;13.61;0;1.5;0;1.5;0;7.736;COMX
0;0;0;2.5;0;2.95;0;0;58.27;0;0;3.4;0.65;1.45;0;0;0;0;0;0;0;1.3;0;19.99;0;7.4;0;1;0.95;0.15;0;6.707;COMX
0;0;0;2.6;0;0.4;0;0;11.6;0;0;34.6;0;0;0;0;0;0;0;0;0;0.7;0;47.1;0;1;0;0.7;0;1.3;0;7.041;COMX
0;0;0;2.5;0;19.24;0;0;3.55;0;0;4.9;1.7;0;0;0;0;0;0;0;0;0.2;0;44.18;0;22.04;0;1.5;0;0.2;0;7.01;COMX
0;0;0;1.2;0;1.1;0;0;5.5;0;0;3.7;0;15.9;0;0;0;0;0;3.7;0;0;0;59.5;0;8.2;0;0;1.2;0;0;7.373;COCO
0;0;0;2.2;0;0.6;0;0;11.3;0;0;34.5;0;0;0;0;0;0;0;0;0;0.7;0;47.5;0;1;0;0.7;0;1.5;0;7.292;COMX
0;0;0;7.7;0;0.35;0;0;18.45;0;0;0;0.75;2;0;0;0;0;0;0;0;9.1;0;54.9;0;6;0;0.5;0;0.25;0;5.747;COMX
0;0;0;18.7;0;0;0;0;28;0;0;0;9.3;0;0;0;0;0;0;0;0;9.3;0;28.1;0;0;0;4.7;0;1.9;0;5.624;COMX
0;0;0;7.3;0;0;0;0;11.5;0;0;0;0;0;0;0;0;0;0;0;0;14.6;0;66.6;0;0;0;0;0;0;0;5.644;COMX
0;0;0;14.6;0;0;0;0;28.1;0;0;0;0;0;0;0;0;0;0;0;0;10.4;0;46.9;0;0;0;0;0;0;0;5.009;COMX
0;0;0;1.1;0;0;0;0;22.82;0;1.1;0;4.3;0;0;0;0;0;0;0;0;20.62;0;44.64;0;0;0;4.3;0;0;1.1;6.287;COMX
0;0;0;11.9;0;0;0;0;25;0;0;0;3.3;0;0;0;0;0;0;0;0;3.3;0;56.5;0;0;0;0;0;0;0;5.932;COMX
0;0;0;10.31;0;0;0;0;22.52;0;2.9;0.8;4.7;0.8;0;0;0;0;0;0;0;1.9;0;44.14;0;4.4;0;4.7;0;1.9;0.9;6.073;COMX
0;0;0;3.3;0;0.9;0;0;3.9;0;0.6;0;0.3;1.5;0;0;0;0;0;0;0;7.21;0;76.38;0;5.31;0;0;0;0.6;0;6.019;COMX
0;0.8;0;4.11;0;1.4;0;0;26.55;0;0.8;1.4;0.8;1;0;4.91;0;0;0;0;0;1.6;0;50.3;0;1.4;0;0.8;2.51;0;1.6;5.474;COMX
0;0;0;11.49;0;0;0;0;14.99;0;0;0.6;1.4;24.98;0;0;0;0;0;0;0;12.99;0;28.47;0;3.1;0;0;2;0;0;5.426;COMX
0;0;0;10.01;0;0;0;0;42.04;0;0;0;1;0;0;0;0;0;0;0;0;4.9;0;42.04;0;0;0;0;0;0;0;3.931;COMX
0;0;0;7.7;0;0.5;0;0;31.7;0;0;0;0.8;0;0;19.8;0;0;0;0;0;3.8;0;32.4;0;3.3;0;0;0;0;0;3.678;COMX
0;0;0;0;0;39.04;0;0;22.03;0;0;16.89;0;0;0;0;0;0;0;0;0;0;0;22.03;0;0;0;0;0;0;0;7.336;COMX
0;0;0;11.23;0;25.58;0;0;11.23;0;0;27.03;0;0.22;0;0;0;0;0;0;0;0;0;11.23;0;2.22;0;0;11.23;0;0;7.63;COMX
0.1;0;0;1.4;0;11.48;0;0;6.59;0;0;11.08;0;0.1;0;0;0;0;0;0;0;0.7;0;55.29;0;4.99;0;5.89;0.5;1.2;0.7;8.305;COMX
9.88;0;0;0;0;8.23;0;0;29.42;0;0;31.61;0;0;0;0;0;0;0;0;0;0;0;0;0;10.98;0;0;0;0;9.88;6.029;COMX
0;0;0;7.1;0;0;0;0;14.1;0;1;0;3;0;0;0;0;0;0;0;0;12.1;0;57.7;0;0;0;4;0;1;0;6.624;COMX
0;0;0;1;0;0;0;0;4.5;0;0;0;0;0;0;0;0;0;0;0;0;2.1;0;92.4;0;0;0;0;0;0;0;8.188;COMX
0;0;0;4;0;0;0;0;14.9;0;1.4;0;0;0;0;0;0;0;0;0;0;3.4;0;63.9;0;0;0;9;0;0.4;3;8.339;COMX
0;0;0;13.2;0;0;0;0;21.3;0;1;0;2;0;0;0;0;0;0;0;0;1;0;55.5;0;0;0;5;0;0;1;8.222;COMX
0;0;0;1.7;0;0.8;0;0;9.5;0;0.5;2.2;0;7.6;0;0;0;0;0;0;0;0.8;0;67.4;0;3.2;0;3.8;1.7;0;0.8;8.277;COMX
0;0;0;11.6;0;0;0;0;17.5;0;1.8;0;1.1;0;0;0;0.4;0;0;0;0;6.3;0;55.3;0;0;0;4.2;0;0.4;1.4;6.861;COMX
0;0;0;12.99;0;15.08;0;0;8.59;0;0;8.09;1;0.2;0;0;0;0;0;0;0;1;0;33.17;0;12.49;0;4.9;2.1;0;0.4;7.389;COMX
0;0;0;6.7;0;0.49;0;0;3.99;0;0;4.44;8.1;7.06;0;0;0;0;0;0;0;0.29;0;33.28;0;28.86;0;5.83;0;0.63;0.34;8.742;COMX
0;0;0;0;0;2.67;0;0;0;0;0;28.47;0;0;0;0;0;0;0;0;0;4.42;0;64.44;0;0;0;0;0;0;0;8.771;COMX
0;0;0;0;0;39.9;0;0;0;0;0;0;0;0;0;0;0;0;0;0;0;0;0;0;0;60.1;0;0;0;0;0;7.864;WAST
0;0;0;0;0;9.5;0;0;0;0;0;0;0;0;0;0;0;0;0;0;0;0;0;71.5;0;19;0;0;0;0;0;7.859;TEDE
0;0;0;12.29;0;0.5;0;0;14.89;0;0.5;0;3.8;0.5;0;0;0;0;0;0;0;24.48;0;38.86;0;2.1;0;1.1;0.5;0;0.5;5.976;COMX
0;0;0;3.51;0;1.3;0;0;0;0;0;0.4;0.8;5.81;0;0;0;0;0;0;0;0.3;0;83.97;0;2.4;0;1.1;0;0.4;0;8.223;TEDE
0;0;0;12.61;0;1.8;0;0;20.72;0;0;2.7;0;2.7;0;0;0;0;0;0;0;0;0;48.65;0;2.7;0;1.8;0;4.5;1.8;7.225;COMX
0;0;0;0.65;0;4.85;0;0;5.34;0;0;6.84;0;2.15;0;0;0;0;0;0;0;0.4;0;32.32;0;17.58;0;28.97;0.5;0;0.4;8.846;COMX
0;0;0;7.2;0;4.6;0;0;5.7;0;0;15.1;0.8;0.9;0;0;0;0;0;0;0;0;0;48.4;0;4.1;0;4.8;3.2;0.8;4.4;7.658;COMX
0;0;0;6.35;0;0;0;0;3.95;0;0.3;0;2.85;0;0;0;0;0;0;0;0;28.65;0;52.25;0;0;0;1.4;0;2.85;1.4;6.398;COMX
0;0;0;22.77;0;0.25;0;0;20.97;0;0.95;0.25;16.02;0.25;0;0;0;0;0;0;0;9.31;0;22.12;0;4.95;0;0.6;0;0.6;0.95;5.853;COMX
0;0;0;9.1;0;0;0;0;5;0;1;0;3;0;0;0;0;0;0;0;0;28.3;0;50.6;0;0;0;0;0;2;1;6.375;COMX
0;0;0;6;0;0;0;0;18;0;0;0;2;0;0;0;0;0;0;0;0;19;0;52;0;0;0;3;0;0;0;6.677;COMX
0;0;0;5.9;0;0.17;0;0;6.93;0;0.2;0.13;2.27;2.5;0;0;0;0;0;0;0;13.27;0;62.8;0;3.87;0;1.3;0.33;0.13;0.2;5.743;COMX
0;0;0;20.22;0;0;0;0;26.73;0;0;0;5.01;0;0;0;0;0;0;0;0;8.61;0;34.53;0;0;0;1.4;0;1.4;2.1;5.769;COMX
0;0;0;20;0;0;0;0;40;0;0;0;1;0;0;0;0;0;0;0;0;3;0;36;0;0;0;0;0;0;0;6.426;COMX
0;0;0;3.8;0;0;0;0;2.9;0;4.8;0;1.9;0;0;0;0;0;0;0;0;29.2;0;55.5;0;0;0;1;0.9;0;0;6.206;COMX
0;0;0;6.2;0;0.8;0;0;15.7;0;8.8;0.8;1.8;3.2;0;0.8;0;0;0;0;0;9.7;0;44.9;0;3.9;0;1.8;0.7;0.9;0;7.367;COMX
0;0;0;2.1;0;0.1;0;0;3;0;0;0.1;0.7;1.6;0;0;0;0;0;0;0;5.39;0;85.02;0;0.7;0;0;0;0.7;0.6;6.452;COMX
0;0;0;2.5;0;0.4;0;0;4.2;0;1.7;0.4;0;1.5;0;0;0;0;0;0;0;6.49;0;73.23;0;7.69;0;1.4;0;0;0.5;6.55;COMX
3.9;0.8;0;10.7;0;1.1;0;0;13.8;0;1.5;1.7;7.7;2.8;0;0;18.5;0.8;1;0;0;4.6;0;9.2;0;15.5;0;4.6;1;0;0.8;9.892;COMX
1.33;0;0;39.41;0;2.52;0;0;0;0;10.52;11.26;7.7;0;0;0;0;0;0;0;0;0;0;24.74;0;2.52;0;0;0;0;0;10.468;TEDE
0;0;0;0;0;17.36;0;0;0;0;0;47.4;0;0.13;0;0;0;0;0;0;0;0;0;33.51;0;1.6;0;0;0;0;0;4.987;HODE
0;0;0;35.86;0;13.89;0;0;0;0;15.48;24.18;2.1;0;0;0;0;0;0;0;0;0;0;4.2;0;2.2;0;2.1;0;0;0;13.986;TEDE
0;0;0;4.3;0;0;0;0;0;0;13.31;43.14;0;0;0;0;0;0;0;0;0;0;0;37.94;0;1.3;0;0;0;0;0;13.201;TEDE
1.04;0;0;59.35;0;0.84;0;0;1.04;0;9.2;1.57;1.88;0.84;0;0;0;0;0;0;0;1.04;0;7.21;0;9.51;0;3.66;0;0;2.82;14.321;COMX
0;0;0;1.93;0;12.61;0;0;1.93;0;28.7;36.04;0;0;0;0;0;0;0;0;0;0;0;6.31;0;6.18;0;6.31;0;0;0;16.17;TEDE
0;0;0;16.5;0;46.4;0;0;0;0;30.3;2.7;4.1;0;0;0;0;0;0;0;0;0;0;0;0;0;0;0;0;0;0;15.482;COMX
0;0;0;19.42;0;10.81;0;0;3.2;0;12.91;30.13;0;0;0;0;0;0;0;0;0;0;0;16.22;0;4.1;0;0;3.2;0;0;16.091;COMX
0;0;0;19.36;0;8.28;0;0;7.35;0;11.39;31.99;0;0;0;0;0;0;0;0;0;0;0;19.36;0;2.28;0;0;0;0;0;16.278;COMX
0;0;0;0;0;9.7;0;0;0;0;51.29;39.02;0;0;0;0;0;0;0;0;0;0;0;0;0;0;0;0;0;0;0;16.321;COMX
0;0;0;0;0;11.8;0;0;12.9;0;0;17.7;12.9;0;0;0;0;0;0;0;0;0;0;25.9;0;5.9;0;0;0;12.9;0;16.265;COMX
0;0;0;0;0;4.07;0;0;0;0;36.86;35.95;0.61;0;0;0;0;0;0;0;0;0;0;20.77;0;0.41;0;0;0;0;1.32;16.275;TEDE
0;0;0;42.97;0;24.6;0;0;1.61;0;16.97;8.73;1.61;0;0;0;0;0;0;0;0;0;0;1.61;0;0.8;0;0;0;0;1.1;15.257;TEDE
0;0;0;26.21;0;11.34;0;0;0.1;0;34.36;17.31;0.76;0;0;0;0;0;0;0;0;0;0;6.28;0;0.61;0;0.15;0;0.15;2.73;16.742;TEDE
0.42;0;0;1.67;0;24.58;1.25;0;1.25;0.83;0;17.5;0;5;0;0;0;0;0;0;0;3.75;2.08;9.17;0;8.75;0;5.83;16.25;0;1.67;9.468;COMX
0;0;0;0;0;48.98;15.31;0;0;0;0;0;0;8.16;15.31;0;0;0;0;0;0;0;0;0;0;12.24;0;0;0;0;0;-3.016;WAST
0;0;0;0;0;0;1.39;0;2.43;0;0;0;0;0;0;0;0;0;0;0;0;53.13;0;33.33;0.69;7.99;0;0;1.04;0;0;3.364;COMX
3.19;0;0;6.38;0;1.06;0;0;6.38;0;0;0;0;8.51;0;0;0;0;0;0;0;5.32;29.79;10.64;0;27.66;0;0;1.06;0;0;-7.459;COMX
0;0;0;23.56;0;0.55;0;1.92;26.85;0;0;0;0;3.84;0;1.64;0;0;0.27;6.3;0;0;0;33.97;0;0.27;0;0;0.82;0;0;-12.262;COCO
0;0;0;16.16;0.16;0.32;0.16;0;26.72;1.6;0.64;0.64;5.12;0.48;0;0;0;0;0;0;0;4.64;0;34.24;0.48;4.16;0;2.72;0.32;0.16;1.28;6.628;COMX
0;0;0;3.93;0.79;1.83;0.52;0;27.23;0;0.26;0.52;1.57;6.54;0;0.26;0;0;0;0;0;1.05;0;48.95;0;5.5;0;0.79;0;0;0.26;7.438;COMX
0;0.28;0;5.51;0;2.2;0;0;25.34;0;0.28;2.75;0.83;0;0;0;0;0;0;0;0;0.83;0;52.34;0.55;6.89;0;1.1;0.55;0.28;0.28;7.714;COMX
0;0;0;9.11;0;2.6;0;0;39.06;0;0;0.52;0.78;1.3;0;1.04;0;0;0;0;0;2.6;0;36.46;0;5.99;0;0.26;0.26;0;0;5.056;COMX
0;0;9.96;0;0;1.99;0;11.16;60.16;0;0;0.4;0;0;0;10.36;0;0;0;0.8;0;0;5.18;0;0;0;0;0;0;0;0;-5.683;COCO
0;0;2.19;0;0;0.55;0;21.31;28.69;0;0;0.27;0;1.64;0;8.74;0;0;0;0.55;0;15.57;10.11;10.11;0;0.27;0;0;0;0;0;-3.5;COCO
15.3;0;0;1.34;0;1.53;0;0;19.5;0;0;0.57;0;2.29;0.19;0;0;0;0;0;0;12.05;0;37.86;0.19;0;0;0;0;9.18;0;1.971;COMX
6.8;0;0;0;0;1.46;0;0;34.95;0;0;0.97;0;0.49;0;0;0;0;0;0;0;10.68;0;25.24;0;0;0;0;0;19.42;0;1.971;COMX
14.71;0;0;0;0;0;0;0;27.45;0;0;0.49;0;1.47;0;0;0;0;0;0;0;9.8;0;46.08;0;0;0;0;0;0;0;1.971;COMX
1.43;0;0;0.48;0;1.9;0;0;29.52;0;0;0.95;0;0.48;0;1.43;0;0;0;0;0;23.81;0;40;0;0;0;0;0;0;0;1.971;COMX
0.42;0;0;2.08;0;1.25;0;0;26.25;0;0;0.83;0;0.83;0;13.33;0;0;0;0.42;0;8.33;0;45;0;0.42;0;0;0;0.42;0.42;-6.644;COMX
0.45;0;0;0.91;0.91;2.26;0;0;28.05;0;0;0.91;0;2.26;0;0.45;0;0;0;0.45;0;23.53;0;37.1;0;2.26;0;0;0;0.45;0;-6.522;COMX
0.92;0;0;0.92;0;3.21;0.46;0;31.19;0;0;1.38;0;0;0;0.92;0;0;0;0.46;0;7.34;1.83;48.62;0;1.38;0;0.46;0.46;0;0.46;-6.522;COMX
0;0;0;0.94;0;2.82;0;0;49.3;0;0;0.47;0;0.94;0;1.41;0;0;0;0;0;0.47;0;43.19;0;0.47;0;0;0;0;0;1.095;COMX
0;0;0;0.62;2.49;0.93;0.62;0;53.58;0;0;0.31;0;0.62;0;0;0;0;0;0;0;0;0;39.25;0;1.56;0;0;0;0;0;3.326;COMX
0;0;0;0.97;0;0.49;0;0;33.01;0;0;0.97;0;0;0;1.46;0;0;0;0;0;0.97;0.49;61.65;0;0;0;0;0;0;0;1.438;COMX
2.43;0;0;0.97;0;0.97;0;0;1.94;0;0;0.97;0;0.97;0;0;0;0;0;0.49;0;28.16;16.5;46.6;0;0;0;0;0;0;0;0.71;COCO
2.35;0;0;2.82;0;1.41;0.47;0;59.62;0;0;0;0;2.35;0;0;0;0;0;0;0;4.69;8.45;15.02;0;1.41;0;0;0.47;0.47;0.47;1.175;COMX
0.9;0;0;0.45;0.45;1.81;0.45;0;24.43;0;0;0.9;0;5.88;0;0;0;0;0;0;0;9.05;4.98;48.87;0;0;0;0;0.9;0;0.9;0.791;COMX
0;0;0.82;0;0;2.45;0.41;4.49;27.76;0;0;0.41;0;11.43;0;2.86;0;0;0;1.22;0;1.63;26.94;18.78;0;0.82;0;0;0;0;0;-2.975;COCO
0;0;0;4.27;0;7.82;0.47;20.38;6.16;0;0;0.47;0;19.91;0;23.22;0;0;0;0.47;0;1.9;4.27;9.48;0;0.71;0;0;0.47;0;0;-1.92;COCO
0;0;0.43;0;0.86;24.89;1.29;2.58;6.01;0.43;0;4.29;0;7.73;0;0;0;0;0;15.02;0;0.86;16.31;0.43;0;17.6;0;0;1.29;0;0;-4.29;COCO
0;0;0;0;0.27;12.87;0;1.88;5.09;0.8;0;2.68;0;2.41;41.56;0;0;0;0;1.61;0;0.8;14.48;0.27;0;14.75;0;0;0.54;0;0;-4.569;COCO
0.38;0;0;0;0;9.92;0;0.38;1.53;1.15;0;3.82;0;64.12;0.38;0;0;0;0;0.38;0;0;10.31;0;0;6.11;0;0;1.53;0;0;-4.866;COST
0;0;0;0;0;3.42;0.68;0.68;1.03;0;0;1.03;0;83.56;0;0;0;0;0;0;0;0.34;8.22;0;0;1.03;0;0;0;0;0;-5.122;COST
0.46;0;0;0;0;32.88;0.91;1.83;1.37;0;0;0.91;0;6.85;11.87;0;0;0;0;0;0;0;7.76;0;0;34.25;0;0;0.91;0;0;-4.514;COST
0;0;0;0;0;12.35;2.47;0.62;0;0;0;0.62;0;10.49;2.47;0;0;0;0;1.85;0;0;11.11;0.62;0;56.17;0;0;1.23;0;0;-5.578;COST
0;0;0;0;0;4.41;1.32;1.32;1.32;0;0;0.44;0;28.63;1.32;0;0;0;0;0;0;0;8.37;0;0;52.86;0;0;0;0;0;-5.122;COST
0;0;0;0;0.41;30.58;1.24;1.24;0.83;0;0;1.24;0;11.16;2.07;0;0;0;0;0.83;0;4.96;4.13;0;0;41.32;0;0;0;0;0;-4.906;COST
0.72;0;0;0;0;13.41;1.09;1.45;2.54;2.17;0;7.25;0;14.13;0;0;0;0;0;2.9;0;0;23.91;0;0;30.07;0;0;0.36;0;0;-4.857;COCO
0.38;0;0;0;0;2.29;6.11;2.29;0.76;0.38;0;0.76;0;40.46;0.38;0;0;0;0;0.38;0;0.38;29.77;0;0;15.27;0;0;0.38;0;0;-5.128;COST
0;0;0;0;0;22.76;0;4.83;4.14;2.07;0;3.45;0;24.83;2.76;0;0;0;0;1.38;0;0.69;22.76;0.69;1.38;8.28;0;0;0;0;0;-5.21;COST
0;0;0;0;0;10.36;0.9;2.25;1.8;1.8;0;5.41;0;54.05;0.45;0;0;0;0;0.45;0;0;18.02;0;0;4.5;0;0;0;0;0;-5.259;COST
0;0;0;0;0;18.64;1.13;1.13;1.69;0;0;3.39;0;49.15;0.57;0;0;0;0;2.82;0;0;19.21;0.57;0;1.69;0;0;0;0;0;-5.555;COST
0;0;0;0;0;7.65;1.53;3.06;0;0;0;1.02;0;44.9;1.02;0;0;0;0;0;0;0;11.73;0;0;29.08;0;0;0;0;0;-5.614;COST
0;0;0.55;0;0;1.66;0.55;2.21;0.55;0;0;2.21;0;55.25;1.1;0;0;0;0;0.55;0;0;11.05;0;0;23.76;0;0;0.55;0;0;-5.804;COST
0.29;0;0.29;0;6.38;6.67;2.03;4.06;1.45;0.58;0;5.51;0;29.86;0.29;0;0;0;0;0.29;0;0.87;11.88;0;0;26.96;0;0;2.61;0;0;-6.046;COST
0;0;0;0;0;10.57;0.88;3.08;3.52;0;0;3.96;0;44.49;0;0;0;0;0;0;0;0;19.82;0;0;11.89;0;0;1.76;0;0;-7.627;COST
0;0;0;0;0.5;2.49;1;5.47;1.99;0;0;2.49;0;57.71;1;0;0;0;0;0;0;0;18.91;0;0;8.46;0;0;0;0;0;-6.542;COST
0;0;0;0;0;18.88;0.51;1.02;1.53;0;0;1.02;0;5.1;1.02;0;0;0;0;0.51;0;0.51;12.24;0.51;0;57.14;0;0;0;0;0;-3.113;TUND
0;0;0;0;0;12.43;0.54;2.16;2.16;0.54;0;0.54;0;8.11;5.95;0;0;0;0;1.62;0;1.08;45.41;2.7;0;15.14;0;0;1.62;0;0;-3.156;COCO
0;0;0;1.51;0;1.51;1.01;0;0;0;0;8.54;1.01;0;0;0;0;0;0;0;0;0;0;9.55;0;0.5;0;74.87;0;1.51;0;9.987;TEDE
0;0.51;0;0;0;2.03;3.05;0;0;0;0;8.12;2.54;0;0;0;0;0;0;0;0;0;0;6.6;0;1.02;0;68.53;0;7.61;0;9.884;TEDE
0;0;0;4.1;0;1.23;1.23;0;8.2;0;0.41;2.46;0;0;0;0.82;0;0;0;0;0;0;0;73.77;0;1.64;0;5.74;0.41;0;0;8.761;COMX
